combined_text,price,discount_percentage,budget,min_discount,budget_match,discount_match,label
climatiseur pour maison sep WHIRLPOOL REF WTMS 701461 XNA 43... Réfrigérateur,5799.0,7.0,7000,5,1,1,0
congélateur grande capacité sep ASUS ASUSVIVOBOOK X1502VA M... Autre,10999.0,15.0,8000,10,0,1,0
climatiseur pour maison sep AWEI SUPPORT TÉLÉPHONIQUE... Autre,59.0,60.0,7000,5,1,1,0
imprimante ordinateur bureau sep AEG FOUR OA5AE23AB STEAMBA... Cuisine,7499.0,6.0,5000,5,0,1,0
aspirateur nettoyage maison sep HISENSE ASPIRATEUR SANS SAC HV... Nettoyage,1199.0,40.0,4000,10,1,1,1
accessoires téléphone écouteurs chargeur sep BEKO MAL BM3WFT38200BS 8KG ... Machine à laver,3499.0,5.0,2000,10,0,0,0
ordinateur écran gaming sep TAURUS SECHE CHEVEUX FASHION2... Autre,399.0,20.0,10000,10,1,1,0
ordinateur écran gaming sep MARS GAMING VENTIL CASE MLONE240 W... Ordinateur,299.0,76.0,10000,10,1,1,1
produits cuisine air fryer four machine café sep UFESA MACHINE A CAFE EXPRESS... Cuisine,2999.0,57.0,4000,10,1,1,1
accessoires téléphone écouteurs chargeur sep LEXAR CLE USB 2.0 V40 128G LEXAR Autre,159.0,5.0,2000,10,1,0,0
accessoires téléphone écouteurs chargeur sep WHIRLPOOL CONG VER WTZ 551101 SN... Congélateur,2499.0,7.0,2000,10,0,0,0
accessoires téléphone écouteurs chargeur sep ORAIMO ECOUTEUR TWS FREEPODS ... Autre,359.0,10.0,2000,10,1,1,1
imprimante ordinateur bureau sep MARS GAMING CLAVIER GAMER MK023WFR... Ordinateur,149.0,40.0,5000,5,1,1,1
"smart tv pas cher sep ELEXIA LED 55EAUD-E24 55"" SMA... TV",3199.0,36.0,8000,10,1,1,1
ordinateur écran gaming sep MARS GAMING MIC GAMER MMICSEW HIGH... Ordinateur,299.0,45.0,10000,10,1,1,1
produits cuisine air fryer four machine café sep MOULINEX PANINI ULTRACOMPACT SM... Autre,199.0,42.0,4000,10,1,1,0
machine à laver économique sep HAIER LAVEVAISSELLE15CINOXHA... Autre,5599.0,16.0,6000,5,1,1,1
machine à laver économique sep UFESA MACHINE A CAFE EXPRESS... Cuisine,2999.0,57.0,6000,5,1,1,1
congélateur grande capacité sep BEKO COMB RCNE730E40SXB NF ... Réfrigérateur,12990.0,3.0,8000,10,0,0,0
accessoires téléphone écouteurs chargeur sep RIVACASE PACK BANANE 5411+PB 10... Autre,429.0,31.0,2000,10,1,1,0
produits cuisine air fryer four machine café sep ROWENTA BROSSEROTATIVECF9528F0... Nettoyage,599.0,40.0,4000,10,1,1,0
ordinateur écran gaming sep AOC MONITEUR ECRAN PC GA... Ordinateur,999.0,9.0,10000,10,1,0,1
machine à laver économique sep DELONGHI MACHINE EXPRESSO EC12.... Autre,4999.0,16.0,6000,5,1,1,1
accessoires téléphone écouteurs chargeur sep ARIETE MACHINE A CAFE AVEC BR... Cuisine,2599.0,23.0,2000,10,0,1,0
produits cuisine air fryer four machine café sep TEFAL SET 4 COUTEAUX STEACK ... Cuisine,199.0,20.0,4000,10,1,1,1
aspirateur nettoyage maison sep EPSON IMPRIMANTE ECOTANK L32... Ordinateur,1999.0,25.0,4000,10,1,1,0
aspirateur nettoyage maison sep ROWENTA DESHUMIDIFICATEUR DH52... Nettoyage,2499.0,28.0,4000,10,1,1,1
ordinateur écran gaming sep TAURUS POELE VITAL 26CM + POE... Autre,175.0,37.0,10000,10,1,1,0
aspirateur nettoyage maison sep HISENSE CONG COFFRE FC-26DT4SA... Congélateur,2699.0,22.0,4000,10,1,1,0
ordinateur écran gaming sep SAMSUNG QLED QA55Q6FAAUXMV SAMSUNG TV,5799.0,9.0,10000,10,1,0,0
accessoires téléphone écouteurs chargeur sep HISENSE LED 43A4Q HISENSE TV,2599.0,25.0,2000,10,0,1,0
réfrigérateur pas cher pour aid al adha sep SAMSUNG QLED QA65LS03FAUXMV SAMSUNG TV,10999.0,29.0,9000,5,0,1,0
smart tv pas cher sep HISENSE QLED 55Q7N HISENSE TV,5999.0,14.0,8000,10,1,1,1
réfrigérateur pas cher pour aid al adha sep UFESA ASPIRATEUR BALAI U5 DI... Nettoyage,1349.0,46.0,9000,5,1,1,0
smart tv pas cher sep HISENSE MINILED 55U7Q HISENSE TV,6999.0,17.0,8000,10,1,1,1
smart tv pas cher sep AWEI ECOUTEUR TWIN BLUETOOT... Autre,79.0,46.0,8000,10,1,1,0
ordinateur écran gaming sep PLAYSTATION PACK CONSOLE PS5® 1TO... Autre,7499.0,6.0,10000,10,1,0,0
imprimante ordinateur bureau sep SAMSUNG SMARTPHONE GALAXY A17 ... Téléphone,1899.0,4.0,5000,5,1,0,0
smart tv pas cher sep HAIER QLED H55Q80FUX HAIER TV,5199.0,25.0,8000,10,1,1,1
smart tv pas cher sep SAMSUNG LED UA85U8000FUXMV SAMSUNG TV,14499.0,19.0,8000,10,0,1,1
ordinateur écran gaming sep PLAYSTATION SUPPORT KX MY SPACESHI... Autre,399.0,20.0,10000,10,1,1,0
ordinateur écran gaming sep SAMSUNG BARRE DE SON HW-B400F/... Autre,1099.0,21.0,10000,10,1,1,0
imprimante ordinateur bureau sep SAMSUNG MONITOR 32 ODYSSEY OLE... Ordinateur,8999.0,30.0,5000,5,0,1,1
produits cuisine air fryer four machine café sep SAMSUNG NEO QLED QA55QN80FAUXM... TV,9799.0,12.0,4000,10,0,1,0
aspirateur nettoyage maison sep ITEL BUDSACE PRO ENC DARK B... Accessoires,89.0,61.0,4000,10,1,1,0
smart tv pas cher sep HISENSE QLED 50Q6N HISENSE TV,4799.0,20.0,8000,10,1,1,1
congélateur grande capacité sep BABYLISS BROSSE SOUFLANTE AS80E... Autre,589.0,7.0,8000,10,1,0,0
réfrigérateur pas cher pour aid al adha sep JBL JBL ECOUTEURS WAVE BUD... Accessoires,829.0,7.0,9000,5,1,1,0
climatiseur pour maison sep BOSCH FOUR SERIE 6 HJG852YS0... Cuisine,7699.0,3.0,7000,5,0,0,0
accessoires téléphone écouteurs chargeur sep AWEI ECOUTEUR TWIN BLUETOOT... Autre,119.0,40.0,2000,10,1,1,1
climatiseur pour maison sep RIVACASE PACK BANANE 5411+PB 10... Autre,429.0,31.0,7000,5,1,1,0
produits cuisine air fryer four machine café sep LG REFRIGIRATEUR GR-C562H... Autre,7990.0,13.0,4000,10,0,1,0
"réfrigérateur pas cher pour aid al adha sep TAURUS BLENDER 1,5L MEXICO 50... Autre",299.0,40.0,9000,5,1,1,0
accessoires téléphone écouteurs chargeur sep ENERGY SISTEM ECOUTEURS TWS OPENWAVE... Accessoires,519.0,8.0,2000,10,1,0,1
smart tv pas cher sep MARS GAMING VENTILATEUR CPU MCPU12... Ordinateur,69.0,72.0,8000,10,1,1,0
aspirateur nettoyage maison sep ITEL SMARTWATCH ISW-N8 AMOL... Autre,349.0,36.0,4000,10,1,1,0
accessoires téléphone écouteurs chargeur sep FUNWAY ENCEINTE BLUETOOTH YP0... Autre,329.0,17.0,2000,10,1,1,0
réfrigérateur pas cher pour aid al adha sep CANDY MAL SL CSO284TWMBG1 1... Machine à laver,2999.0,33.0,9000,5,1,1,0
smart tv pas cher sep AWEI SUPPORT TÉLÉPHONIQUE... Autre,49.0,50.0,8000,10,1,1,0
aspirateur nettoyage maison sep MARS GAMING VENTILATEUR CPU MCPU12... Ordinateur,69.0,72.0,4000,10,1,1,0
imprimante ordinateur bureau sep UFESA AIR FRYER OVEN SENSEI ... Cuisine,1299.0,48.0,5000,5,1,1,0
réfrigérateur pas cher pour aid al adha sep SAMSUNG MONITOR 27 VIEWFINITY ... Ordinateur,8599.0,21.0,9000,5,1,1,0
accessoires téléphone écouteurs chargeur sep ROWENTA BROSSEROTATIVECF9528F0... Nettoyage,599.0,40.0,2000,10,1,1,0
réfrigérateur pas cher pour aid al adha sep SAMSUNG PACK REF RT47CG6422S9M... Réfrigérateur,10799.0,15.0,9000,5,0,1,1
réfrigérateur pas cher pour aid al adha sep KENWOOD KITCHEN KHH01.000SI+BL... Autre,2199.0,26.0,9000,5,1,1,0
accessoires téléphone écouteurs chargeur sep AWEI ECOUTEUR TWIN BLUETOOT... Autre,69.0,53.0,2000,10,1,1,1
climatiseur pour maison sep ASUS ASUS VIVOBOOK V36 IN... Autre,11999.0,14.0,7000,5,0,1,0
réfrigérateur pas cher pour aid al adha sep BOSCH FOUR SERIE 4 HUA736ER0... Cuisine,5499.0,8.0,9000,5,1,1,0
accessoires téléphone écouteurs chargeur sep BOSCH FOUR SERIE 4 HUA736ER0... Cuisine,5499.0,8.0,2000,10,0,0,0
aspirateur nettoyage maison sep ARTHUR MARTIN MAL AWF8024D3SC 8KG 30... Machine à laver,4399.0,16.0,4000,10,0,1,0
réfrigérateur pas cher pour aid al adha sep SAMSUNG MAV DW60DG830FSLMA 14... Autre,7799.0,16.0,9000,5,1,1,0
smart tv pas cher sep OPPO SMART A5 AURORA GREEN ... Téléphone,2299.0,8.0,8000,10,1,0,1
smart tv pas cher sep WHIRLPOOL REF WTMF 836633 XNA 6... Réfrigérateur,12999.0,5.0,8000,10,0,0,0
produits cuisine air fryer four machine café sep TEFAL BATTERIE DE CUISINE IN... Cuisine,979.0,38.0,4000,10,1,1,1
smart tv pas cher sep OPPO SMART A6 PRO 5G STELLA... Téléphone,3749.0,6.0,8000,10,1,0,1
produits cuisine air fryer four machine café sep ROWENTA TONDEUSE BARBE STYLIS ... Nettoyage,299.0,14.0,4000,10,1,1,0
accessoires téléphone écouteurs chargeur sep AWEI ECOUTEUR TWIN BLUETOOT... Autre,119.0,52.0,2000,10,1,1,1
ordinateur écran gaming sep MOULINEX EXTRACTEUR JUS AUTOCLE... Autre,2499.0,16.0,10000,10,1,1,0
smart tv pas cher sep HISENSE QLED 65Q6Q HISENSE TV,6499.0,23.0,8000,10,1,1,1
imprimante ordinateur bureau sep MARS GAMING MIC GAMER MMICSEW HIGH... Ordinateur,299.0,45.0,5000,5,1,1,1
"congélateur grande capacité sep MSI CYBORG I7 240H 15,6 14... Autre",14499.0,3.0,8000,10,0,0,0
machine à laver économique sep HAIER QUATRO HFR3718ENMM FD ... Autre,8899.0,11.0,6000,5,0,1,0
aspirateur nettoyage maison sep SAMSUNG NEO QLED QA55QN80FAUXM... TV,9799.0,12.0,4000,10,0,1,0
aspirateur nettoyage maison sep ROWENTA TONDEUS EXPERTISE VIRT... Nettoyage,499.0,9.0,4000,10,1,0,1
"smart tv pas cher sep ELEXIA LED 32EAHD-A24 32"" SMA... TV",1199.0,40.0,8000,10,1,1,1
ordinateur écran gaming sep FUNWAY TWS EARBUDS DB-25004 FUNWAY Accessoires,149.0,25.0,10000,10,1,1,0
machine à laver économique sep DELONGHI MACHINE EXPRESSO ECAM2... Autre,6799.0,11.0,6000,5,0,1,1
accessoires téléphone écouteurs chargeur sep FUNWAY TWS EARBUDS DB-25004 FUNWAY Accessoires,149.0,25.0,2000,10,1,1,1
smart tv pas cher sep OPPO SMART A6 PRO 5G ROSEWO... Téléphone,3749.0,6.0,8000,10,1,0,1
machine à laver économique sep SAMSUNG MAL WW90DG6U34LXMF SIL... Machine à laver,5199.0,10.0,6000,5,1,1,1
"machine à laver économique sep HISENSE L.S WD3S1043BT 10,5 6 ... Autre",5199.0,21.0,6000,5,1,1,0
produits cuisine air fryer four machine café sep WHIRLPOOL REF WTMF 706462 XNA/E ... Réfrigérateur,7499.0,3.0,4000,10,0,0,0
aspirateur nettoyage maison sep SAMSUNG CLIM INV WIFI AI 9000B... Autre,5299.0,11.0,4000,10,0,1,0
smart tv pas cher sep LG LED '98UT90006LA.AFPQ LG TV,24999.0,24.0,8000,10,0,1,1
machine à laver économique sep ANKER 54 CHARGEUR 511 (NANO PRO... Accessoires,229.0,46.0,6000,5,1,1,0
réfrigérateur pas cher pour aid al adha sep AEG TC GAZ HVB95450IB 5F 9... Autre,4999.0,50.0,9000,5,1,1,0
congélateur grande capacité sep SAMSUNG SMARTPHONE GALAXY A17 ... Téléphone,1899.0,4.0,8000,10,1,0,0
produits cuisine air fryer four machine café sep TAURUS CAFETIERE EXPRESSO ITA... Cuisine,169.0,5.0,4000,10,1,0,1
machine à laver économique sep BEKO REFRIGIRATEUR RDSG550M... Autre,4999.0,10.0,6000,5,1,1,0
climatiseur pour maison sep RAPOO PACK CLV+SOURIS FIL X1... Autre,119.0,14.0,7000,5,1,1,0
produits cuisine air fryer four machine café sep ENERGY SISTEM ECOUTEURS TWS STREETMU... Accessoires,179.0,10.0,4000,10,1,1,0
imprimante ordinateur bureau sep HP TAPIS SOURIS GAMER PUL... Autre,399.0,20.0,5000,5,1,1,0
imprimante ordinateur bureau sep FUNWAY TWS EARBUDS DB-25005 FUNWAY Accessoires,189.0,36.0,5000,5,1,1,0
congélateur grande capacité sep HISENSE CONG COFFRE FC-26DT4SA... Congélateur,2699.0,22.0,8000,10,1,1,1
accessoires téléphone écouteurs chargeur sep SAMSUNG ECOUTEURS GALAXY BUDS... Téléphone,1199.0,7.0,2000,10,1,0,1
produits cuisine air fryer four machine café sep MOULINEX FRITEUSE EASY FRY EZ24... Cuisine,999.0,50.0,4000,10,1,1,1
aspirateur nettoyage maison sep AEG CONG VERTI AGB728E3NX ... Congélateur,8499.0,9.0,4000,10,0,0,0
"produits cuisine air fryer four machine café sep TEFAL THERMOS SENATOR 0,5L R... Cuisine",100.0,49.0,4000,10,1,1,1
climatiseur pour maison sep APPLE IPHONE AIR 256GB SPACE... Téléphone,11499.0,33.0,7000,5,0,1,0
produits cuisine air fryer four machine café sep MARS GAMING SOURIS GAMER MMG 3200D... Ordinateur,79.0,46.0,4000,10,1,1,0
réfrigérateur pas cher pour aid al adha sep BEKO REFRIGIRATEUR RDSG550M... Autre,4999.0,10.0,9000,5,1,1,1
accessoires téléphone écouteurs chargeur sep WHIRLPOOL REF SP WSDF 606443 XMA... Réfrigérateur,7999.0,5.0,2000,10,0,0,0
smart tv pas cher sep SAMSUNG QLED QA55Q6FAAUXMV SAMSUNG TV,5799.0,9.0,8000,10,1,0,1
smart tv pas cher sep TAURUS PETRIN PERFECTA 5L + B... Autre,1199.0,36.0,8000,10,1,1,0
smart tv pas cher sep BEKO AIR FRYER FRL 2244 B P... Cuisine,999.0,33.0,8000,10,1,1,0
aspirateur nettoyage maison sep BEKO AIR FRYER FRL 5388 B 2... Cuisine,1999.0,20.0,4000,10,1,1,0
imprimante ordinateur bureau sep RAPOO PACK CLV+SOURIS SF X26... Autre,229.0,23.0,5000,5,1,1,0
smart tv pas cher sep ORAIMO ECOUTEUR TWS FREEPODS... Autre,299.0,33.0,8000,10,1,1,0
accessoires téléphone écouteurs chargeur sep HAIER MINI LED H55M80FUX HAIER TV,6499.0,27.0,2000,10,0,1,0
aspirateur nettoyage maison sep STEAMONE DEFROISSEUR SN250MG-A ... Autre,699.0,12.0,4000,10,1,1,0
ordinateur écran gaming sep MARS GAMING VENTIL CASE KIT X3 MFL... Ordinateur,229.0,71.0,10000,10,1,1,1
produits cuisine air fryer four machine café sep JATA CAFETIERE A ESPRESSO J... Cuisine,999.0,33.0,4000,10,1,1,1
produits cuisine air fryer four machine café sep BEKO AIR FRYER FRL 5388 B 2... Cuisine,1999.0,20.0,4000,10,1,1,1
produits cuisine air fryer four machine café sep TEFAL BATTERIE DE CUISINE L3... Cuisine,799.0,20.0,4000,10,1,1,1
machine à laver économique sep ELEXIA LED 32-320V6-F2/16T ELEXIA TV,799.0,38.0,6000,5,1,1,0
climatiseur pour maison sep HISENSE MAL FRONT WF3S8043BT4 ... Machine à laver,3899.0,7.0,7000,5,1,1,0
produits cuisine air fryer four machine café sep UFESA PANINI GRILL PR1100 HA... Autre,259.0,42.0,4000,10,1,1,0
climatiseur pour maison sep ENERGY SISTEM ENERGY SISTEM ENCEINTE... Autre,169.0,15.0,7000,5,1,1,0
climatiseur pour maison sep SAMSUNG MONITOR 27 ODYSSEY G7 ... Ordinateur,4499.0,25.0,7000,5,1,1,0
smart tv pas cher sep SAMSUNG SMARTPHONE GALAXY A07 ... Téléphone,1699.0,2.0,8000,10,1,0,1
imprimante ordinateur bureau sep HP HP C2YR8EA OMNIBOOK 5F... Autre,12999.0,7.0,5000,5,0,1,0
machine à laver économique sep TAURUS SECHE CHEVEUX FASHION2... Autre,399.0,20.0,6000,5,1,1,0
imprimante ordinateur bureau sep MARS GAMING MIC GAMER MMICXW PRO S... Ordinateur,399.0,53.0,5000,5,1,1,1
produits cuisine air fryer four machine café sep WHIRLPOOL REF WTMF 701421 XNA 36... Réfrigérateur,6599.0,12.0,4000,10,0,1,0
congélateur grande capacité sep SAMSUNG MAV DW60DG830FSLMA 14... Autre,7799.0,16.0,8000,10,1,1,0
congélateur grande capacité sep HP HP 15 R5 8GB 512SSD W1... Autre,6499.0,7.0,8000,10,1,0,0
produits cuisine air fryer four machine café sep WHIRLPOOL REF WTMF 836633 XNA 6... Réfrigérateur,12999.0,5.0,4000,10,0,0,0
imprimante ordinateur bureau sep MARS GAMING VENTIL CASE MF3DKIT KI... Ordinateur,149.0,72.0,5000,5,1,1,1
congélateur grande capacité sep SIERA REF NF-343 A+ 332L INO... Réfrigérateur,5499.0,9.0,8000,10,1,0,0
"aspirateur nettoyage maison sep ARIETE PETRIN MODERNA 1589 5,... Autre",2999.0,22.0,4000,10,1,1,0
réfrigérateur pas cher pour aid al adha sep BEKO AIR FRYER FRL 2244 B P... Cuisine,999.0,33.0,9000,5,1,1,0
climatiseur pour maison sep ITEL SMARTWATCH ISW-O21 TFT... Autre,119.0,52.0,7000,5,1,1,0
climatiseur pour maison sep HISENSE AIR FRYER H08AFBK2S1 2... Cuisine,1299.0,35.0,7000,5,1,1,0
climatiseur pour maison sep HISENSE LED 75A6Q HISENSE TV,7999.0,23.0,7000,5,0,1,0
climatiseur pour maison sep SAMSUNG SMARTPHONE GALAXY A07 ... Téléphone,1049.0,16.0,7000,5,1,1,0
machine à laver économique sep TEFAL BATTERIE DE CUISINE B8... Cuisine,699.0,30.0,6000,5,1,1,0
smart tv pas cher sep INDESIT COMB DUAL NOFROSTBINF ... Réfrigérateur,4999.0,5.0,8000,10,1,0,0
climatiseur pour maison sep ENERGY SISTEM ECOUTEURS TWS OPENWAVE... Accessoires,519.0,8.0,7000,5,1,1,0
ordinateur écran gaming sep ARIETE MACHINE A CAFE AVEC BR... Cuisine,2599.0,23.0,10000,10,1,1,0
machine à laver économique sep WHIRLPOOL PACK COMB ARB60F6362 ... Réfrigérateur,8999.0,5.0,6000,5,0,1,0
aspirateur nettoyage maison sep ROWENTA ASPIRATEUR BALAI XFORC... Nettoyage,1999.0,42.0,4000,10,1,1,1
congélateur grande capacité sep ROWENTA TONDEUS EXPERTISE VIRT... Nettoyage,499.0,9.0,8000,10,1,0,0
machine à laver économique sep ORAIMO ECOUTEUR TWS FREEPODS... Autre,299.0,33.0,6000,5,1,1,0
accessoires téléphone écouteurs chargeur sep ITEL BUDSACE PRO ENC WHITE ITEL Accessoires,89.0,61.0,2000,10,1,1,1
climatiseur pour maison sep UFESA BATTEUR BV4660 VERSA 5... Autre,299.0,25.0,7000,5,1,1,0
imprimante ordinateur bureau sep BEKO CONG RFNE451XB NF 286L... Congélateur,5600.0,11.0,5000,5,0,1,0
machine à laver économique sep WHIRLPOOL CONG VER WTZ 551101 SN... Congélateur,2499.0,7.0,6000,5,1,1,0
réfrigérateur pas cher pour aid al adha sep AWEI SUPPORT TÉLÉPHONIQUE... Autre,49.0,50.0,9000,5,1,1,0
ordinateur écran gaming sep MSI MSI ECRAN PC GAMING MA... Ordinateur,1899.0,9.0,10000,10,1,0,1
aspirateur nettoyage maison sep LEXAR CLE USB 3.1 S80 256G LEXAR Autre,349.0,12.0,4000,10,1,1,0
machine à laver économique sep UFESA PACK DE 7 ACCESSOIRES ... Autre,229.0,42.0,6000,5,1,1,0
smart tv pas cher sep SAMSUNG MONITOR 27 ODYSSEY OLE... Ordinateur,8499.0,29.0,8000,10,0,1,0
machine à laver économique sep ARTHUR MARTIN MALAWF1023P5SC 10KG 50... Autre,5999.0,4.0,6000,5,1,0,1
imprimante ordinateur bureau sep OPPO SMART A5X MIDNIGHT BL... Téléphone,1449.0,9.0,5000,5,1,1,0
smart tv pas cher sep ANKER 54 POWER BANK CORE12W621 ... Autre,299.0,49.0,8000,10,1,1,0
smart tv pas cher sep BOSCH TC SERIE 6 PCR9A5I90 5... Ordinateur,5999.0,4.0,8000,10,1,0,0
produits cuisine air fryer four machine café sep ARIETE SANDWISHES & COOKIES 3EN1 Autre,699.0,30.0,4000,10,1,1,0
produits cuisine air fryer four machine café sep SAMSUNG LED UA50U8000FUXMV SAMSUNG TV,3999.0,20.0,4000,10,1,1,0
produits cuisine air fryer four machine café sep JBL JBL ECOUTEURS WAVE BUD... Accessoires,829.0,7.0,4000,10,1,0,0
machine à laver économique sep SAMSUNG QLED QA65Q6FAAUXMV SAMSUNG TV,7599.0,13.0,6000,5,0,1,0
imprimante ordinateur bureau sep FUNWAY TWS EARBUDS DB-25009 FUNWAY Accessoires,229.0,34.0,5000,5,1,1,0
accessoires téléphone écouteurs chargeur sep BOSCH MAL SERIE 4 WAN2420XME... Machine à laver,4999.0,12.0,2000,10,0,1,0
ordinateur écran gaming sep SAMSUNG PACK REF RT47CG6422S9M... Réfrigérateur,10799.0,15.0,10000,10,0,1,0
smart tv pas cher sep HAIER MINI LED H65M80FUX HAIER TV,8499.0,26.0,8000,10,0,1,1
smart tv pas cher sep LG LED 43LM6370PVA LG TV,3149.0,21.0,8000,10,1,1,1
"machine à laver économique sep TEFAL THERMOS SENATOR 0,5L R... Cuisine",100.0,49.0,6000,5,1,1,0
aspirateur nettoyage maison sep TAURUS ASPIRATEUR GUZZLER CYC... Nettoyage,1299.0,13.0,4000,10,1,1,1
ordinateur écran gaming sep SAMSUNG MAV DW60DG830FSLMA 14... Autre,7799.0,16.0,10000,10,1,1,0
produits cuisine air fryer four machine café sep HISENSE LED 65A6Q HISENSE TV,6499.0,13.0,4000,10,0,1,0
machine à laver économique sep HISENSE QLED 75Q6Q HISENSE TV,8999.0,18.0,6000,5,0,1,0
ordinateur écran gaming sep ITEL SMARTWATCH ISW-N8 AMOL... Autre,349.0,36.0,10000,10,1,1,0
accessoires téléphone écouteurs chargeur sep AWEI ECOUTEUR TWIN BLUETOOT... Autre,109.0,56.0,2000,10,1,1,1
produits cuisine air fryer four machine café sep TEFAL POELE E3080404 NON REV... Cuisine,179.0,14.0,4000,10,1,1,1
machine à laver économique sep HP HP 15 R5 8GB 512SSD W1... Autre,6499.0,7.0,6000,5,0,1,0
produits cuisine air fryer four machine café sep BEKO MIXEUR PLONGEANT HBA 8... Cuisine,649.0,7.0,4000,10,1,0,1
machine à laver économique sep HISENSE QLED 55Q6Q HISENSE TV,5399.0,16.0,6000,5,1,1,0
ordinateur écran gaming sep MSI MSI ECRAN PC GAMING 27... Ordinateur,2149.0,17.0,10000,10,1,1,1
réfrigérateur pas cher pour aid al adha sep ROWENTA LISSEUR SF8120F0 CERAM... Nettoyage,999.0,23.0,9000,5,1,1,0
aspirateur nettoyage maison sep SAMSUNG CLIM INV WIFI AI 18BTU... Autre,7499.0,3.0,4000,10,0,0,0
imprimante ordinateur bureau sep WHIRLPOOL CONG VERT WUFF 606313 ... Congélateur,6999.0,15.0,5000,5,0,1,0
ordinateur écran gaming sep LG QNED '55QNED80A6A.AFPE LG Autre,7299.0,18.0,10000,10,1,1,0
réfrigérateur pas cher pour aid al adha sep HISENSE MAL TOP WTJA802T 8KG 8... Machine à laver,2999.0,14.0,9000,5,1,1,0
congélateur grande capacité sep UFESA TOASTER TT7963 ACTIVA ... Autre,229.0,37.0,8000,10,1,1,0
aspirateur nettoyage maison sep TAURUS ASPIRATEUR HOMELAND UL... Nettoyage,1999.0,20.0,4000,10,1,1,1
smart tv pas cher sep BEKO BATTEUR HMM 81504 BX I... Autre,399.0,6.0,8000,10,1,0,0
imprimante ordinateur bureau sep LEXAR CLE USB 3.1 S80 256G LEXAR Autre,349.0,12.0,5000,5,1,1,0
congélateur grande capacité sep WHIRLPOOL CONG HORIZ WCF 28DA+ S... Congélateur,3099.0,6.0,8000,10,1,0,1
accessoires téléphone écouteurs chargeur sep TEFAL SET 2 CASSEROLES 16/20... Cuisine,299.0,25.0,2000,10,1,1,0
accessoires téléphone écouteurs chargeur sep TAURUS HACHOIR STORM POWER 3 ... Autre,349.0,41.0,2000,10,1,1,0
smart tv pas cher sep MOULINEX EXTRACTEUR JUS AUTOCLE... Autre,2499.0,16.0,8000,10,1,1,0
climatiseur pour maison sep MOULINEX FOUR ELEC OPTIMO 19L 1... Cuisine,999.0,23.0,7000,5,1,1,0
machine à laver économique sep SAMSUNG MONTRE GALAXY WATCH8 4... Téléphone,2699.0,16.0,6000,5,1,1,0
machine à laver économique sep HAIER QLED H32S80EFX HAIER TV,1790.0,31.0,6000,5,1,1,0
machine à laver économique sep BEKO AIR FRYER FRL 3374 B P... Cuisine,1299.0,35.0,6000,5,1,1,0
machine à laver économique sep SAMSUNG MONITOR 27 ODYSSEY G7 ... Ordinateur,4499.0,25.0,6000,5,1,1,0
smart tv pas cher sep ELEXIA LED 32-320V6-F2/16T ELEXIA TV,799.0,38.0,8000,10,1,1,1
smart tv pas cher sep SOLAC CAFETIERE ESPRESSO FUL... Cuisine,3599.0,40.0,8000,10,1,1,0
produits cuisine air fryer four machine café sep FUNWAY ENCEINTE BLUETOOTH YP0... Autre,329.0,17.0,4000,10,1,1,0
produits cuisine air fryer four machine café sep CANDY TABLE DE CUISSON CHW6B... Cuisine,1399.0,26.0,4000,10,1,1,1
machine à laver économique sep LG OLED 77G56LA EVO LG TV,46999.0,6.0,6000,5,0,1,0
machine à laver économique sep CANDY MAL SL CSO284TWMBG1 1... Machine à laver,2999.0,33.0,6000,5,1,1,1
imprimante ordinateur bureau sep ROWENTA BROSSEROTATIVECF9528F0... Nettoyage,599.0,40.0,5000,5,1,1,0
ordinateur écran gaming sep SAMSUNG NEO QLED QA55QN80FAUXM... TV,9799.0,12.0,10000,10,1,1,0
machine à laver économique sep HP HP BU7E4EA OMNIBOOK 5F... Autre,9499.0,5.0,6000,5,0,1,0
réfrigérateur pas cher pour aid al adha sep WHIRLPOOL REF WTMF 701421 XNA 36... Réfrigérateur,6599.0,12.0,9000,5,1,1,1
accessoires téléphone écouteurs chargeur sep FUNWAY TWS EARBUDS DB-25009 FUNWAY Accessoires,229.0,34.0,2000,10,1,1,1
aspirateur nettoyage maison sep FUNWAY TWS EARBUDS DB-25004 FUNWAY Accessoires,149.0,25.0,4000,10,1,1,0
réfrigérateur pas cher pour aid al adha sep HAIER REF S5 HPR5718ENMX 70C... Réfrigérateur,7899.0,12.0,9000,5,1,1,1
produits cuisine air fryer four machine café sep KENWOOD AIRFRYER HFP45.000BK 4... Cuisine,699.0,21.0,4000,10,1,1,1
ordinateur écran gaming sep BEKO REFRIGIRATEUR RDSG550M... Autre,4999.0,10.0,10000,10,1,1,0
accessoires téléphone écouteurs chargeur sep FUNWAY TWS EARBUDS DB-25007 FUNWAY Accessoires,229.0,34.0,2000,10,1,1,1
imprimante ordinateur bureau sep TEFAL COCOTTE P4705105 5L NO... Cuisine,1499.0,11.0,5000,5,1,1,0
ordinateur écran gaming sep UFESA CROQUE MONSIEUR SW7400... Autre,169.0,66.0,10000,10,1,1,0
"climatiseur pour maison sep MOULINEX BOUILLOIREBY2M0B101,7L... Autre",599.0,31.0,7000,5,1,1,0
imprimante ordinateur bureau sep FUNWAY ENCEINTE BLUETOOTH LS3... Autre,1349.0,32.0,5000,5,1,1,0
smart tv pas cher sep SAMSUNG LED UA55U8000FUXMV SAMSUNG TV,4499.0,25.0,8000,10,1,1,1
ordinateur écran gaming sep MARS GAMING VENTIL CASE MFLINKFINI... Ordinateur,249.0,70.0,10000,10,1,1,1
smart tv pas cher sep SAMSUNG LED UA58U8000FUXMV SAMSUNG TV,5899.0,15.0,8000,10,1,1,1
smart tv pas cher sep SAMSUNG LED UA65U8000FUXMV SAMSUNG TV,5799.0,31.0,8000,10,1,1,1
ordinateur écran gaming sep MARS GAMING MIC GAMER MMICXW PRO S... Ordinateur,399.0,53.0,10000,10,1,1,1
aspirateur nettoyage maison sep LG CLIM INVERT D19AKH.SK1... Autre,7799.0,8.0,4000,10,0,0,0
machine à laver économique sep ARTHUR MARTIN MAL AWF8024D3SC 8KG 30... Machine à laver,4399.0,16.0,6000,5,1,1,1
congélateur grande capacité sep WHIRLPOOL COMB DUAL NOFROST WBMF... Réfrigérateur,7999.0,3.0,8000,10,1,0,0
imprimante ordinateur bureau sep HISENSE QLED 50Q6N HISENSE TV,4799.0,20.0,5000,5,1,1,0
"ordinateur écran gaming sep ELEXIA LED 55EAUD-E24 55"" SMA... TV",3199.0,36.0,10000,10,1,1,0
smart tv pas cher sep LG OLED 65B56LA LG TV,14499.0,23.0,8000,10,0,1,1
machine à laver économique sep KELON CONG VERT KRD-204WYED ... Congélateur,2799.0,30.0,6000,5,1,1,0
congélateur grande capacité sep PHILIPS EPILATEUR LUMIÈRE PUL... Autre,4999.0,27.0,8000,10,1,1,0
ordinateur écran gaming sep EPSON IMPRIMANTE ECOTANK L32... Ordinateur,1999.0,25.0,10000,10,1,1,1
congélateur grande capacité sep BOSCH MAL SERIE 6 WGK264ZXME... Machine à laver,7499.0,6.0,8000,10,1,0,0
réfrigérateur pas cher pour aid al adha sep WHIRLPOOL REF WTMF 706462 XNA/E ... Réfrigérateur,7499.0,6.0,9000,5,1,1,1
machine à laver économique sep ARTHUR MARTIN LS AWW9023P5SC 9 6KG 5... Autre,6799.0,6.0,6000,5,0,1,0
accessoires téléphone écouteurs chargeur sep LG CLIM ART COOL UA13MJH0... Autre,8699.0,9.0,2000,10,0,0,0
produits cuisine air fryer four machine café sep TEFAL SAUTEUSE INOX 24CM PRI... Cuisine,399.0,11.0,4000,10,1,1,1
smart tv pas cher sep ACER ACER NITROV15 QZAEF I7... Autre,15999.0,15.0,8000,10,0,1,0
smart tv pas cher sep SAMSUNG QLED QA65Q6FAAUXMV SAMSUNG TV,7599.0,13.0,8000,10,1,1,1
ordinateur écran gaming sep WHIRLPOOL REF WTMF 706462 XNA/E ... Réfrigérateur,7499.0,3.0,10000,10,1,0,0
machine à laver économique sep ARIETE MACHINE A CAFE AVEC BR... Cuisine,2599.0,23.0,6000,5,1,1,1
climatiseur pour maison sep BEKO AIR FRYER FRL 2244 B P... Cuisine,999.0,33.0,7000,5,1,1,0
smart tv pas cher sep SAMSUNG QLED QA55Q8FAAUXMV SAMSUNG TV,7299.0,18.0,8000,10,1,1,1
climatiseur pour maison sep BOSCH MAL SERIE 6 WGK264ZXME... Machine à laver,7499.0,6.0,7000,5,0,1,0
aspirateur nettoyage maison sep TAURUS ASPIRATEUR HOMELAND CY... Nettoyage,799.0,38.0,4000,10,1,1,1
smart tv pas cher sep SAMSUNG SMARTPHONE GALAXYA56 5... Téléphone,4549.0,8.0,8000,10,1,0,1
produits cuisine air fryer four machine café sep SAMSUNG ECOUTEURS GALAXY BUDS3... Téléphone,1199.0,7.0,4000,10,1,0,0
aspirateur nettoyage maison sep TAURUS PETRIN PERFECTA 5L + B... Autre,1199.0,36.0,4000,10,1,1,0
machine à laver économique sep HISENSE MAL TOP WTJA802T 8KG 8... Machine à laver,2999.0,14.0,6000,5,1,1,1
ordinateur écran gaming sep HAIER COMB ECN2CQTEB186/ECN... Réfrigérateur,5799.0,17.0,10000,10,1,1,0
smart tv pas cher sep ARIETE SANDWISHES & COOKIES 3EN1 Autre,699.0,30.0,8000,10,1,1,0
aspirateur nettoyage maison sep HAIER FOUR H6 ID23B3HTB HAIER Cuisine,3799.0,17.0,4000,10,1,1,0
produits cuisine air fryer four machine café sep TAURUS AIR FRY TOWER 11L+CHOP... Cuisine,1999.0,23.0,4000,10,1,1,1
climatiseur pour maison sep HISENSE LED 43A6Q HISENSE TV,2799.0,12.0,7000,5,1,1,0
réfrigérateur pas cher pour aid al adha sep WHIRLPOOL REF WTMS 701461 XNA 43... Réfrigérateur,5799.0,7.0,9000,5,1,1,1
accessoires téléphone écouteurs chargeur sep SAMSUNG MONITOR 27 ODYSSEY OLE... Ordinateur,8499.0,29.0,2000,10,0,1,0
imprimante ordinateur bureau sep MSI MSI ECRAN PC GAMING 27... Ordinateur,2149.0,17.0,5000,5,1,1,1
ordinateur écran gaming sep JBL JBL ECOUTEURS WAVE BUD... Accessoires,829.0,7.0,10000,10,1,0,0
smart tv pas cher sep BEKO AIR FRYER FRL 3374 B P... Cuisine,1299.0,35.0,8000,10,1,1,0
aspirateur nettoyage maison sep ENERGY SISTEM ENERGY SISTEM ENCEINTE... Autre,169.0,15.0,4000,10,1,1,0
ordinateur écran gaming sep SAMSUNG MONITOR 27 VIEWFINITY ... Ordinateur,8599.0,21.0,10000,10,1,1,1
produits cuisine air fryer four machine café sep LENOVO LOQ 15IAX9E I512450HX... Autre,7999.0,20.0,4000,10,0,1,0
accessoires téléphone écouteurs chargeur sep HISENSE LED 43A6Q HISENSE TV,2799.0,12.0,2000,10,0,1,0
accessoires téléphone écouteurs chargeur sep HISENSE QLED 65Q6Q HISENSE TV,6499.0,23.0,2000,10,0,1,0
produits cuisine air fryer four machine café sep TEFAL FRITEUSE EASY FRY EY83... Cuisine,1699.0,29.0,4000,10,1,1,1
ordinateur écran gaming sep ROWENTA TONDEUS EXPERTISE VIRT... Nettoyage,499.0,9.0,10000,10,1,0,0
ordinateur écran gaming sep BEKO MAL BM3WFT38200BS 8KG ... Machine à laver,3499.0,5.0,10000,10,1,0,0
ordinateur écran gaming sep MARS GAMING CLAVIER GAMER MK023WFR... Ordinateur,149.0,40.0,10000,10,1,1,1
smart tv pas cher sep BEKO GRILLE PAIN TAM 7321 I... Autre,449.0,18.0,8000,10,1,1,0
réfrigérateur pas cher pour aid al adha sep MARS GAMING VENTIL CASE MFLINKFINI... Ordinateur,249.0,70.0,9000,5,1,1,0
aspirateur nettoyage maison sep TAURUS SECHE CHEVEUX ALIZE EV... Autre,299.0,14.0,4000,10,1,1,0
smart tv pas cher sep ROWENTA TONDEUS EXPERTISE VIRT... Nettoyage,499.0,9.0,8000,10,1,0,0
ordinateur écran gaming sep SAMSUNG MONITOR 27 ODYSSEY G7 ... Ordinateur,4499.0,25.0,10000,10,1,1,1
"climatiseur pour maison sep ELEXIA LED 50EAUD-D24 50"" SMA... TV",2599.0,35.0,7000,5,1,1,0
machine à laver économique sep LG REFRIGIRATEUR GR-C562H... Autre,7990.0,13.0,6000,5,0,1,0
imprimante ordinateur bureau sep MARS GAMING VENTIL CASE MFLINKFINI... Ordinateur,249.0,70.0,5000,5,1,1,1
produits cuisine air fryer four machine café sep TEFAL COCOTTE INOX 6L SECURE... Cuisine,699.0,41.0,4000,10,1,1,1
accessoires téléphone écouteurs chargeur sep OPPO SMART A5X MIDNIGHT BL... Téléphone,1449.0,9.0,2000,10,1,0,0
ordinateur écran gaming sep BEKO COMB RCNE730E40SXB NF ... Réfrigérateur,12990.0,3.0,10000,10,0,0,0
imprimante ordinateur bureau sep UFESA ASPIRATEUR SANS SAC AS... Nettoyage,599.0,40.0,5000,5,1,1,0
réfrigérateur pas cher pour aid al adha sep TAURUS PETRIN PERFECTA 5L + B... Autre,1199.0,36.0,9000,5,1,1,0
accessoires téléphone écouteurs chargeur sep SAMSUNG SMARTPHONE GALAXY A17 ... Téléphone,1699.0,2.0,2000,10,1,0,0
smart tv pas cher sep SAMSUNG OLED QA55S85FAEXMV SAMSUNG TV,9199.0,23.0,8000,10,0,1,1
smart tv pas cher sep WHIRLPOOL COMBDUAL NOFROST WBM... Réfrigérateur,5299.0,8.0,8000,10,1,0,0
produits cuisine air fryer four machine café sep UFESA BLENDER EN PLASTIQUE B... Autre,399.0,20.0,4000,10,1,1,0
ordinateur écran gaming sep MSI MSI ECRAN MAG 276CXF ... Ordinateur,1999.0,25.0,10000,10,1,1,1
climatiseur pour maison sep SAMSUNG SMART GALAXY A17 (5G) ... Téléphone,1899.0,4.0,7000,5,1,0,0
congélateur grande capacité sep SAMSUNG PACK REF RT47CG6422S9M... Réfrigérateur,10799.0,15.0,8000,10,0,1,0
réfrigérateur pas cher pour aid al adha sep SAMSUNG QLED QA55Q8FAAUXMV SAMSUNG TV,7299.0,18.0,9000,5,1,1,0
climatiseur pour maison sep MARS GAMING MIC GAMER MMICXW PRO S... Ordinateur,399.0,53.0,7000,5,1,1,0
produits cuisine air fryer four machine café sep LEXAR SSD EXTERNE 1TO SL300 ... Autre,1899.0,5.0,4000,10,1,0,0
smart tv pas cher sep AWEI CABLE TYPE-C VERS TYPE... Accessoires,29.0,70.0,8000,10,1,1,0
réfrigérateur pas cher pour aid al adha sep HISENSE COMB RB3K330SAC1 330L ... Réfrigérateur,6999.0,22.0,9000,5,1,1,1
ordinateur écran gaming sep SAMSUNG QLED QA50Q7FAAUXMV SAMSUNG TV,4999.0,15.0,10000,10,1,1,0
aspirateur nettoyage maison sep WHIRLPOOL REF WTMF 706462 XNA/E ... Réfrigérateur,7499.0,6.0,4000,10,0,0,0
smart tv pas cher sep SAMSUNG QLED QA50Q7FAAUXMV SAMSUNG TV,4999.0,15.0,8000,10,1,1,1
aspirateur nettoyage maison sep ROWENTA PACK SECHE CHEVEUX CV1... Nettoyage,359.0,34.0,4000,10,1,1,1
aspirateur nettoyage maison sep ASUS ASUS GAMER ROGU9 RTX50... Autre,36999.0,7.0,4000,10,0,0,0
accessoires téléphone écouteurs chargeur sep SAMSUNG QLED QA55Q7FAAUXMV SAMSUNG TV,5999.0,9.0,2000,10,0,0,0
aspirateur nettoyage maison sep TAURUS NETTOYEUR CANAPET VORT... Nettoyage,1499.0,11.0,4000,10,1,1,1
imprimante ordinateur bureau sep TEFAL SET 4 COUTEAUX STEACK ... Cuisine,199.0,20.0,5000,5,1,1,0
"smart tv pas cher sep MSI CYBORG I7 240H 15,6 14... Autre",14499.0,3.0,8000,10,0,0,0
smart tv pas cher sep ITEL SMARTWATCH ISW-N8 AMOL... Autre,349.0,36.0,8000,10,1,1,1
smart tv pas cher sep LG LED 55UA73006LA.AFPQ LG TV,4799.0,12.0,8000,10,1,1,1
imprimante ordinateur bureau sep SAMSUNG MONTRE GALAXY WATCH8 4... Téléphone,2899.0,17.0,5000,5,1,1,0
ordinateur écran gaming sep MARS GAMING VENTILATEUR CPU MCPU12... Ordinateur,69.0,72.0,10000,10,1,1,1
machine à laver économique sep TAURUS PETRIN PERFECTA 5L + B... Autre,1199.0,36.0,6000,5,1,1,0
aspirateur nettoyage maison sep ELEXIA ASPIRATEUR SANS SAC E... Nettoyage,399.0,50.0,4000,10,1,1,1
réfrigérateur pas cher pour aid al adha sep BEKO FER A REPASSER SIM 512... Autre,549.0,8.0,9000,5,1,1,0
accessoires téléphone écouteurs chargeur sep AOC MONITEUR ECRAN PC GA... Ordinateur,999.0,9.0,2000,10,1,0,0
smart tv pas cher sep TAURUS PETRIN COMPACT 1400 5L... Autre,999.0,23.0,8000,10,1,1,0
congélateur grande capacité sep HISENSE COMB RB3K330SAC1 330L ... Réfrigérateur,6999.0,22.0,8000,10,1,1,0
smart tv pas cher sep SAMSUNG LAV SECH WD11DB7B85GBM... Autre,8899.0,19.0,8000,10,0,1,0
produits cuisine air fryer four machine café sep TEFAL SET 2 POELES B9289202 ... Cuisine,249.0,58.0,4000,10,1,1,1
réfrigérateur pas cher pour aid al adha sep LG REF GR-B48FPLAM 509L Q... Réfrigérateur,11999.0,7.0,9000,5,0,1,1
machine à laver économique sep ENERGY SISTEM ENERGY SISTEM HAUT-PAR... Autre,179.0,10.0,6000,5,1,1,0
produits cuisine air fryer four machine café sep TEFAL BATTERIE DE CUISINE IN... Cuisine,899.0,30.0,4000,10,1,1,1
produits cuisine air fryer four machine café sep TAURUS CAFETIERE LIVORNO 6 TA... Cuisine,349.0,49.0,4000,10,1,1,1
smart tv pas cher sep SAMSUNG QLED QA55Q7FAAUXMV SAMSUNG TV,5999.0,9.0,8000,10,1,0,1
climatiseur pour maison sep TAURUS HACHOIR STORM POWER 3 ... Autre,349.0,41.0,7000,5,1,1,0
ordinateur écran gaming sep RAPOO PACK CLV+SOURIS FIL X1... Autre,119.0,14.0,10000,10,1,1,0
accessoires téléphone écouteurs chargeur sep SAMSUNG CLIM INV WIFI AI 9000B... Autre,5299.0,11.0,2000,10,0,1,0
réfrigérateur pas cher pour aid al adha sep TEFAL FRITEUSE EASY FRY EY83... Cuisine,1699.0,29.0,9000,5,1,1,0
smart tv pas cher sep SAMSUNG QLED QA65LS03FAUXMV SAMSUNG TV,10999.0,29.0,8000,10,0,1,1
climatiseur pour maison sep HP HP C2YR8EA OMNIBOOK 5F... Autre,12999.0,7.0,7000,5,0,1,0
congélateur grande capacité sep ELEXIA BOUILLOIRE ELX-KT-551 ... Autre,139.0,53.0,8000,10,1,1,0
smart tv pas cher sep SAMSUNG NEO QLED QA55QN80FAUXM... TV,9799.0,12.0,8000,10,0,1,1
climatiseur pour maison sep PLAYSTATION PACK CONSOLE PS5® 1TO... Autre,7499.0,6.0,7000,5,0,1,0
imprimante ordinateur bureau sep FUNWAY TWS EARBUDS DB-25007 FUNWAY Accessoires,229.0,34.0,5000,5,1,1,0
produits cuisine air fryer four machine café sep UFESA AIR FRYER SHADOW AF550... Cuisine,849.0,46.0,4000,10,1,1,1
congélateur grande capacité sep TAURUS ASPIRATEUR HOMELAND UL... Nettoyage,1999.0,20.0,8000,10,1,1,0
machine à laver économique sep AWEI ECOUTEUR TWIN BLUETOOT... Autre,119.0,52.0,6000,5,1,1,0
machine à laver économique sep AWEI CABLE TYPE-C VERS TYPE... Accessoires,29.0,70.0,6000,5,1,1,0
réfrigérateur pas cher pour aid al adha sep WHIRLPOOL REF SP WSDF 606443 XMA... Réfrigérateur,7999.0,5.0,9000,5,1,1,1
imprimante ordinateur bureau sep MSI MSI ECRAN PC GAMING MA... Ordinateur,1899.0,9.0,5000,5,1,1,1
produits cuisine air fryer four machine café sep SAMSUNG CLIM WINDFREE 12BTU AR... Autre,7899.0,4.0,4000,10,0,0,0
produits cuisine air fryer four machine café sep UFESA AIR FRYER OVEN SENSEI ... Cuisine,1299.0,48.0,4000,10,1,1,1
ordinateur écran gaming sep ROWENTA ASPIRATEUR SANS FIL X-... Nettoyage,3999.0,14.0,10000,10,1,1,0
produits cuisine air fryer four machine café sep HISENSE REF RT729N4WSU1 729L N... Réfrigérateur,8999.0,10.0,4000,10,0,1,0
smart tv pas cher sep TAURUS AIR FRY TOWER 11L+CHOP... Cuisine,1999.0,23.0,8000,10,1,1,0
climatiseur pour maison sep LG QNED '55QNED80A6A.AFPE LG Autre,7299.0,18.0,7000,5,0,1,0
produits cuisine air fryer four machine café sep MARS GAMING VENTIL CASE MLONE240 W... Ordinateur,299.0,76.0,4000,10,1,1,0
climatiseur pour maison sep BEKO REFRIGIRATEUR RDSG550M... Autre,4999.0,10.0,7000,5,1,1,0
congélateur grande capacité sep ADATA DISQUE DUR SSD EXTRNE ... Autre,1499.0,25.0,8000,10,1,1,0
congélateur grande capacité sep ENERGY SISTEM ECOUTEURS TWS OPENWAVE... Accessoires,519.0,8.0,8000,10,1,0,0
climatiseur pour maison sep TEFAL SET 2 POELES B9289202 ... Cuisine,249.0,58.0,7000,5,1,1,0
produits cuisine air fryer four machine café sep SOLAC MACHINE A CAFE ESPRESS... Cuisine,1299.0,13.0,4000,10,1,1,1
accessoires téléphone écouteurs chargeur sep ENERGY SISTEM ECOUTEURS TWS STREETMU... Accessoires,179.0,10.0,2000,10,1,1,1
ordinateur écran gaming sep SAMSUNG MONITOR 32 ODYSSEY OLE... Ordinateur,8999.0,30.0,10000,10,1,1,1
réfrigérateur pas cher pour aid al adha sep UFESA PRESSE SANDWICHES 900W... Autre,249.0,50.0,9000,5,1,1,0
machine à laver économique sep HAIER LAVE VAISSELLE 14C BLA... Autre,6699.0,10.0,6000,5,0,1,1
"imprimante ordinateur bureau sep ADATA CLE USB UR350 32GO 3,2... Autre",79.0,11.0,5000,5,1,1,0
imprimante ordinateur bureau sep SAMSUNG CLIM INV WIFI AI 12BTU... Autre,5799.0,7.0,5000,5,0,1,0
congélateur grande capacité sep TEFAL POELE E3080604 NON REV... Cuisine,249.0,16.0,8000,10,1,1,0
machine à laver économique sep CANDY TABLE DE CUISSON CHW6B... Cuisine,1399.0,26.0,6000,5,1,1,0
ordinateur écran gaming sep BEKO MIXEUR PLONGEANT HBA 8... Cuisine,649.0,7.0,10000,10,1,0,0
climatiseur pour maison sep OPPO SMART A5 MIST WHITE 8G... Téléphone,2299.0,8.0,7000,5,1,1,0
imprimante ordinateur bureau sep AWEI SUPPORT PC X26 SILVER AWEI Ordinateur,89.0,55.0,5000,5,1,1,1
réfrigérateur pas cher pour aid al adha sep CANDY COMB ECN2CQTEX186/ECN... Réfrigérateur,5599.0,20.0,9000,5,1,1,1
imprimante ordinateur bureau sep MARS GAMING VENTILATEUR CPU MCPU12... Ordinateur,69.0,72.0,5000,5,1,1,1
réfrigérateur pas cher pour aid al adha sep UFESA PRESSE-AGRUME SQUEEZE&... Autre,349.0,50.0,9000,5,1,1,0
accessoires téléphone écouteurs chargeur sep HAIER LAVEVAISSELLE15CINOXHA... Autre,5599.0,16.0,2000,10,0,1,0
produits cuisine air fryer four machine café sep ELEXIA ASPIRATEUR SANS SAC E... Nettoyage,399.0,50.0,4000,10,1,1,0
imprimante ordinateur bureau sep HAIER LED H50K85FUX HAIER TV,3699.0,30.0,5000,5,1,1,0
smart tv pas cher sep SAMSUNG OLED QA77S85FAEXMV SAMSUNG TV,24999.0,16.0,8000,10,0,1,1
aspirateur nettoyage maison sep BEKO DEFROISSEUR À VAPEUR ... Autre,499.0,16.0,4000,10,1,1,0
"réfrigérateur pas cher pour aid al adha sep ELEXIA LED 32EAHD-A24 32"" SMA... TV",1199.0,40.0,9000,5,1,1,0
smart tv pas cher sep HAIER QLED H65Q80FUX HAIER TV,7699.0,19.0,8000,10,1,1,1
smart tv pas cher sep SAMSUNG SMART GALAXY A17 (5G) ... Téléphone,1899.0,4.0,8000,10,1,0,1
aspirateur nettoyage maison sep SAMSUNG MAL WW90DG5U34ABMF 9KG... Machine à laver,5299.0,8.0,4000,10,0,0,0
machine à laver économique sep ITEL SMARTWATCH ISW-N8 AMOL... Autre,349.0,36.0,6000,5,1,1,0
imprimante ordinateur bureau sep HISENSE QLED 85Q6Q HISENSE TV,14499.0,9.0,5000,5,0,1,0
accessoires téléphone écouteurs chargeur sep FUNWAY TWS EARBUDS DB-25010 FUNWAY Accessoires,189.0,36.0,2000,10,1,1,1
congélateur grande capacité sep MOULINEX EXTRACTEUR JUS AUTOCLE... Autre,2499.0,16.0,8000,10,1,1,0
réfrigérateur pas cher pour aid al adha sep WHIRLPOOL COMBDUAL NOFROST WBM... Réfrigérateur,5299.0,8.0,9000,5,1,1,1
aspirateur nettoyage maison sep UFESA ASPIRATEUR SANS SAC AS... Nettoyage,599.0,40.0,4000,10,1,1,1
accessoires téléphone écouteurs chargeur sep TAURUS BLENDER LIMA 400W+PANI... Autre,489.0,55.0,2000,10,1,1,0
congélateur grande capacité sep WHIRLPOOL CONG VER WTZ 551101 SN... Congélateur,2499.0,7.0,8000,10,1,0,1
smart tv pas cher sep HAIER MINI LED H55M80FUX HAIER TV,6499.0,27.0,8000,10,1,1,1
machine à laver économique sep AEG CONG VERTI AGB728E3NX ... Congélateur,8499.0,9.0,6000,5,0,1,0
smart tv pas cher sep LG LED 65UA73006LA.AFPQ LG TV,5799.0,24.0,8000,10,1,1,1
smart tv pas cher sep HISENSE QLED 75Q6Q HISENSE TV,8999.0,18.0,8000,10,0,1,1
produits cuisine air fryer four machine café sep SAMSUNG MONTRE GALAXY WATCH8 C... Téléphone,4399.0,7.0,4000,10,0,0,0
imprimante ordinateur bureau sep SAMSUNG LED UA65U8000FUXMV SAMSUNG TV,5799.0,31.0,5000,5,0,1,0
réfrigérateur pas cher pour aid al adha sep HAIER COMB ECN2CQTEB186/ECN... Réfrigérateur,5799.0,17.0,9000,5,1,1,1
aspirateur nettoyage maison sep KARCHER PACK NETTOYEUR K2 + CA... Nettoyage,1999.0,35.0,4000,10,1,1,1
machine à laver économique sep SAMSUNG CLIM INV WIFI AI 24BTU... Autre,8799.0,2.0,6000,5,0,0,0
congélateur grande capacité sep ELEXIA FOUR 45L ELX-TO-3245 ... Cuisine,649.0,45.0,8000,10,1,1,0
climatiseur pour maison sep HAIER QLED H32S80EFX HAIER TV,1790.0,31.0,7000,5,1,1,0
imprimante ordinateur bureau sep LEXAR SSD EXTERNE 1TO SL300 ... Autre,1899.0,5.0,5000,5,1,1,0
smart tv pas cher sep CANDY TABLE DE CUISSON CHW6B... Cuisine,1399.0,26.0,8000,10,1,1,0
smart tv pas cher sep LG CLIM INVERT D24AKH.SA1... Autre,9099.0,7.0,8000,10,0,0,0
congélateur grande capacité sep TEFAL SET 4 COUTEAUX STEACK ... Cuisine,199.0,20.0,8000,10,1,1,0
climatiseur pour maison sep TAURUS FRITEUSE AIR FRY TOWER... Cuisine,1999.0,20.0,7000,5,1,1,0
smart tv pas cher sep LG LED 43UA73006LA.AFPQ LG TV,3399.0,15.0,8000,10,1,1,1
aspirateur nettoyage maison sep BEKO ASP BALAI VRT 51225 VB... Nettoyage,1599.0,20.0,4000,10,1,1,1
ordinateur écran gaming sep AEG TC GAZ HVB95450IB 5F 9... Autre,4999.0,50.0,10000,10,1,1,0
aspirateur nettoyage maison sep ENERGY SISTEM ECOUTEURS TWS STREETMU... Accessoires,179.0,10.0,4000,10,1,1,0
congélateur grande capacité sep ANKER 54 CHARGEUR 511 (NANO PRO... Accessoires,229.0,46.0,8000,10,1,1,0
aspirateur nettoyage maison sep UFESA ASPIRATEUR BALAI U5 DI... Nettoyage,1349.0,46.0,4000,10,1,1,1
smart tv pas cher sep HISENSE AIR FRYER H08AFBK2S1 2... Cuisine,1299.0,35.0,8000,10,1,1,0
produits cuisine air fryer four machine café sep MOULINEX MOULINETTE+BOL COMPLET... Autre,599.0,22.0,4000,10,1,1,0
smart tv pas cher sep SAMSUNG LED UA43U8000FUXMV SAMSUNG TV,3699.0,13.0,8000,10,1,1,1
ordinateur écran gaming sep UFESA PACK DE 7 ACCESSOIRES ... Autre,229.0,42.0,10000,10,1,1,0
smart tv pas cher sep UFESA TOASTER TT7465PLUS 1T ... Autre,299.0,25.0,8000,10,1,1,0
aspirateur nettoyage maison sep CANDY MAL SL CSO284TWMBG1 1... Machine à laver,2999.0,33.0,4000,10,1,1,0
imprimante ordinateur bureau sep RIVACASE PACK BANANE 5411+PB 10... Autre,429.0,31.0,5000,5,1,1,0
congélateur grande capacité sep AEG REF RKB738E5MX 8000S 1... Réfrigérateur,8999.0,10.0,8000,10,0,1,0
imprimante ordinateur bureau sep MARS GAMING CLAVIER GAMER MK60BFR ... Ordinateur,299.0,40.0,5000,5,1,1,1
réfrigérateur pas cher pour aid al adha sep HISENSE QLED 55Q6Q HISENSE TV,5399.0,16.0,9000,5,1,1,0
produits cuisine air fryer four machine café sep KENWOOD KITCHEN KHH01.000SI+BL... Autre,2199.0,26.0,4000,10,1,1,0
réfrigérateur pas cher pour aid al adha sep UFESA ASPIRATEUR SANS SAC AS... Nettoyage,599.0,40.0,9000,5,1,1,0
imprimante ordinateur bureau sep HISENSE CONG COFFRE FC-33DT4SA... Congélateur,2999.0,25.0,5000,5,1,1,0
smart tv pas cher sep OPPO SMART A5 MIST WHITE 8G... Téléphone,2299.0,8.0,8000,10,1,0,1
congélateur grande capacité sep OPPO SMART A5 MIST WHITE 8G... Téléphone,2299.0,8.0,8000,10,1,0,0
ordinateur écran gaming sep SAMSUNG CLIM INV WIFI AI 12BTU... Autre,5799.0,7.0,10000,10,1,0,0
machine à laver économique sep KENWOOD AIRFRYER HFP45.000BK 4... Cuisine,699.0,21.0,6000,5,1,1,0
accessoires téléphone écouteurs chargeur sep AWEI CABLE TYPE-C VERS TYPE... Accessoires,29.0,70.0,2000,10,1,1,1
produits cuisine air fryer four machine café sep ELEXIA FOUR 45L ELX-TO-3245 ... Cuisine,649.0,45.0,4000,10,1,1,1
climatiseur pour maison sep WHIRLPOOL REF SP WSDF 606443 XMA... Réfrigérateur,7999.0,5.0,7000,5,0,1,0
aspirateur nettoyage maison sep ARTHUR MARTIN LS AWW9023P5SC 9 6KG 5... Autre,6799.0,6.0,4000,10,0,0,0
produits cuisine air fryer four machine café sep APPLE IPHONE AIR 256GB SPACE... Téléphone,11499.0,33.0,4000,10,0,1,1
produits cuisine air fryer four machine café sep TEFAL SET 2 CASSEROLES 16/20... Cuisine,299.0,25.0,4000,10,1,1,1
ordinateur écran gaming sep WHIRLPOOL CONG VERT WUFF 606313 ... Congélateur,6999.0,15.0,10000,10,1,1,0
accessoires téléphone écouteurs chargeur sep LG LED 55UA73006LA.AFPQ LG TV,4799.0,12.0,2000,10,0,1,0
smart tv pas cher sep ITEL SMARTWATCH ISW-O21 TFT... Autre,119.0,52.0,8000,10,1,1,1
climatiseur pour maison sep AWEI SUPPORT PC X26 SILVER AWEI Ordinateur,89.0,55.0,7000,5,1,1,0
"climatiseur pour maison sep UFESA AIR FRYER TALENT 6,5L ... Cuisine",1249.0,34.0,7000,5,1,1,0
accessoires téléphone écouteurs chargeur sep SAMSUNG OLED QA55S85FAEXMV SAMSUNG TV,9199.0,23.0,2000,10,0,1,0
accessoires téléphone écouteurs chargeur sep ARTHUR MARTIN LS AWW9023P5SC 9 6KG 5... Autre,6799.0,6.0,2000,10,0,0,0
réfrigérateur pas cher pour aid al adha sep WHIRLPOOL PACK COMB ARB60F6362 ... Réfrigérateur,8999.0,5.0,9000,5,1,1,1
ordinateur écran gaming sep KENWOOD BLENDER BLP15 360BK 50... Autre,499.0,23.0,10000,10,1,1,0
smart tv pas cher sep TAURUS CASSEROLE VITAL 18CM +... Autre,185.0,35.0,8000,10,1,1,0
machine à laver économique sep BEKO COMB RCNE730E40SXB NF ... Réfrigérateur,12990.0,3.0,6000,5,0,0,0
congélateur grande capacité sep ITEL SMARTWATCH ISW-O11 IPS... Autre,149.0,40.0,8000,10,1,1,0
produits cuisine air fryer four machine café sep TAURUS FRITEUSE AIR FRY TOWER... Cuisine,1999.0,20.0,4000,10,1,1,1
produits cuisine air fryer four machine café sep TEFAL POELE E3080604 NON REV... Cuisine,249.0,16.0,4000,10,1,1,1
imprimante ordinateur bureau sep LG OLED 55B56LA.AFP LG TV,8799.0,16.0,5000,5,0,1,0
climatiseur pour maison sep SAMSUNG MONITOR 27 VIEWFINITY ... Ordinateur,8599.0,21.0,7000,5,0,1,0
smart tv pas cher sep HAIER QLED H32S80EFX HAIER TV,1790.0,31.0,8000,10,1,1,1
accessoires téléphone écouteurs chargeur sep LEXAR SSD EXTERNE 1TO SL300 ... Autre,1899.0,5.0,2000,10,1,0,0
smart tv pas cher sep OPPO SMART A5X MIDNIGHT BL... Téléphone,1449.0,9.0,8000,10,1,0,1
accessoires téléphone écouteurs chargeur sep HAIER QLED H32S80EFX HAIER TV,1790.0,31.0,2000,10,1,1,0
smart tv pas cher sep BOSCH FOUR SERIE 4 HUA736ER0... Cuisine,5499.0,8.0,8000,10,1,0,0
accessoires téléphone écouteurs chargeur sep HP HP C2YR8EA OMNIBOOK 5F... Autre,12999.0,7.0,2000,10,0,0,0
imprimante ordinateur bureau sep HAIER MINI LED H65M80FUX HAIER TV,8499.0,26.0,5000,5,0,1,0
accessoires téléphone écouteurs chargeur sep TEFAL COCOTTE ELECTRIQUE 6L ... Cuisine,1499.0,25.0,2000,10,1,1,0
imprimante ordinateur bureau sep DELONGHI MACHINE EXPRESSO EC12.... Autre,4999.0,16.0,5000,5,1,1,0
accessoires téléphone écouteurs chargeur sep TAURUS ASPIRATEUR GUZZLER CYC... Nettoyage,1299.0,13.0,2000,10,1,1,0
smart tv pas cher sep SAMSUNG NEO QLED QA65QN70FAUXM... TV,10999.0,24.0,8000,10,0,1,1
réfrigérateur pas cher pour aid al adha sep AWEI SUPPORT TÉLÉPHONIQUE... Autre,59.0,54.0,9000,5,1,1,0
imprimante ordinateur bureau sep EPSON IMPRIMANTE ECOTANK L32... Ordinateur,1999.0,25.0,5000,5,1,1,1
réfrigérateur pas cher pour aid al adha sep UFESA AIR FRYER THUNDER 2BAC... Cuisine,1299.0,55.0,9000,5,1,1,0
imprimante ordinateur bureau sep MARS GAMING SOURIS GAMER MMG 3200D... Ordinateur,79.0,46.0,5000,5,1,1,1
accessoires téléphone écouteurs chargeur sep HISENSE REF RT729N4WSU1 729L N... Réfrigérateur,8999.0,10.0,2000,10,0,1,0
imprimante ordinateur bureau sep SAMSUNG MONITOR 27 ODYSSEY G7 ... Ordinateur,4499.0,25.0,5000,5,1,1,1
smart tv pas cher sep LG OLED 55C56LA EVO LG TV,11999.0,26.0,8000,10,0,1,1
aspirateur nettoyage maison sep SAMSUNG LED UA75U8000FUXMV SAMSUNG TV,8999.0,15.0,4000,10,0,1,0
aspirateur nettoyage maison sep LG COMB GR-B499NQLM 333L ... Réfrigérateur,5699.0,9.0,4000,10,0,0,0
smart tv pas cher sep UFESA PRESSE SANDWICHES 900W... Autre,249.0,50.0,8000,10,1,1,0
accessoires téléphone écouteurs chargeur sep WHIRLPOOL COMB DUAL NOFROST WBMF... Réfrigérateur,7999.0,3.0,2000,10,0,0,0
produits cuisine air fryer four machine café sep TEFAL BATTERIE DE CUISINE B8... Cuisine,699.0,30.0,4000,10,1,1,1
congélateur grande capacité sep AWEI ECOUTEUR FILAIRE TYPE ... Autre,29.0,40.0,8000,10,1,1,0
imprimante ordinateur bureau sep HAIER LED H55K85FUX HAIER TV,4199.0,25.0,5000,5,1,1,0
accessoires téléphone écouteurs chargeur sep SAMSUNG SMARTPHONE GALAXY A07 ... Téléphone,1699.0,2.0,2000,10,1,0,0
produits cuisine air fryer four machine café sep LG LED 50NANO80A6A LG TV,4999.0,16.0,4000,10,0,1,0
imprimante ordinateur bureau sep SAMSUNG MONITOR 27 VIEWFINITY ... Ordinateur,8599.0,21.0,5000,5,0,1,1
machine à laver économique sep BOSCH TC SERIE 6 PCR9A5I90 5... Ordinateur,5999.0,4.0,6000,5,1,0,0
aspirateur nettoyage maison sep ROWENTA TONDEUSE BARBE STYLIS ... Nettoyage,299.0,14.0,4000,10,1,1,1
smart tv pas cher sep HISENSE LED 50A6Q HISENSE TV,3799.0,24.0,8000,10,1,1,1
réfrigérateur pas cher pour aid al adha sep HISENSE REF RT729N4WSU1 729L N... Réfrigérateur,8999.0,10.0,9000,5,1,1,1
produits cuisine air fryer four machine café sep HAIER FOUR H6 ID23B3HTB HAIER Cuisine,3799.0,17.0,4000,10,1,1,1
congélateur grande capacité sep TAURUS SECHE CHEVEUX FASHION2... Autre,399.0,20.0,8000,10,1,1,0
imprimante ordinateur bureau sep TEFAL COUTEAU PAIN 20CM ICE ... Cuisine,169.0,15.0,5000,5,1,1,0
produits cuisine air fryer four machine café sep SAMSUNG CLIM INV WIFI AI 9000B... Autre,5299.0,11.0,4000,10,0,1,0
produits cuisine air fryer four machine café sep UFESA BATTEUR BV4660 VERSA 5... Autre,299.0,25.0,4000,10,1,1,0
produits cuisine air fryer four machine café sep ARIETE FRITEUSE AIRFRYER RED ... Cuisine,1049.0,40.0,4000,10,1,1,1
aspirateur nettoyage maison sep OPPO SMART A5 AURORA GREEN ... Téléphone,2299.0,8.0,4000,10,1,0,0
machine à laver économique sep BOSCH FOUR SERIE 6 HJG852YS0... Cuisine,7699.0,3.0,6000,5,0,0,0
smart tv pas cher sep LG LED 50NANO80A6A LG TV,4999.0,16.0,8000,10,1,1,1
produits cuisine air fryer four machine café sep HISENSE AIR FRYER H09AFBKS4S 8... Cuisine,1099.0,26.0,4000,10,1,1,1
réfrigérateur pas cher pour aid al adha sep ELEXIA ASPIRATEUR SANS SAC E... Nettoyage,399.0,50.0,9000,5,1,1,0
congélateur grande capacité sep LEXAR CLE USB 3.1 S80 128G LEXAR Autre,219.0,8.0,8000,10,1,0,0
imprimante ordinateur bureau sep OPPO SMART A5 AURORA GREEN ... Téléphone,1849.0,7.0,5000,5,1,1,0
ordinateur écran gaming sep ASUS ASUS ZENBOOK UX3405CA ... Autre,15499.0,13.0,10000,10,0,1,0
congélateur grande capacité sep HISENSE LED 43A6Q HISENSE TV,2799.0,12.0,8000,10,1,1,0
smart tv pas cher sep SAMSUNG SMARTPHONE GALAXY A17 ... Téléphone,1899.0,4.0,8000,10,1,0,1
imprimante ordinateur bureau sep HISENSE LED 43A6Q HISENSE TV,2799.0,12.0,5000,5,1,1,0
smart tv pas cher sep LG OLED 65C56LA EVO LG TV,19999.0,11.0,8000,10,0,1,1
imprimante ordinateur bureau sep RAPOO CLAVIER GAMER V50S BAC... Autre,189.0,24.0,5000,5,1,1,0
imprimante ordinateur bureau sep HISENSE QLED 55Q7N HISENSE TV,5999.0,14.0,5000,5,0,1,0
produits cuisine air fryer four machine café sep TEFAL BATTERIEDECUISINE INGE... Cuisine,899.0,55.0,4000,10,1,1,1
climatiseur pour maison sep CANDY TABLE DE CUISSON CHW6B... Cuisine,1399.0,26.0,7000,5,1,1,0
machine à laver économique sep BEKO MAL BM3WFT38200BS 8KG ... Machine à laver,3499.0,5.0,6000,5,1,1,1
accessoires téléphone écouteurs chargeur sep UFESA AIR FRYER SHADOW AF550... Cuisine,849.0,46.0,2000,10,1,1,0
produits cuisine air fryer four machine café sep SAMSUNG QLED QA65Q7FAAUXMV SAMSUNG TV,9299.0,16.0,4000,10,0,1,0
réfrigérateur pas cher pour aid al adha sep BEKO COMB B1RCNA400S NF 301... Réfrigérateur,4999.0,9.0,9000,5,1,1,1
produits cuisine air fryer four machine café sep HISENSE AIR FRYER H08AFBK2S1 2... Cuisine,1299.0,35.0,4000,10,1,1,1
climatiseur pour maison sep LG LED 50UA73006LA.AFPQ LG TV,3899.0,17.0,7000,5,1,1,0
congélateur grande capacité sep BEKO CONG RFNE451XB NF 286L... Congélateur,5600.0,11.0,8000,10,1,1,1
aspirateur nettoyage maison sep CANON IMP INKTANK PIXMA G3... Autre,1799.0,10.0,4000,10,1,1,0
réfrigérateur pas cher pour aid al adha sep ROWENTA ASPIRATEUR BALAI XFORC... Nettoyage,1999.0,42.0,9000,5,1,1,0
accessoires téléphone écouteurs chargeur sep UFESA PRESSE AGRUME EX4934 S... Autre,99.0,58.0,2000,10,1,1,0
imprimante ordinateur bureau sep SAMSUNG QLED QA50Q8FAAUXMV SAMSUNG TV,5999.0,14.0,5000,5,0,1,0
machine à laver économique sep ROWENTA PACK SECHE CHEVEUX CV1... Nettoyage,359.0,34.0,6000,5,1,1,0
réfrigérateur pas cher pour aid al adha sep INDESIT COMB DUAL NF BINF60136... Réfrigérateur,4999.0,9.0,9000,5,1,1,1
smart tv pas cher sep LG LED 50UA73006LA.AFPQ LG TV,3899.0,17.0,8000,10,1,1,1
machine à laver économique sep SAMSUNG QLED QA65Q7FAAUXMV SAMSUNG TV,9299.0,16.0,6000,5,0,1,0
réfrigérateur pas cher pour aid al adha sep WHIRLPOOL COMB DUAL NOFROST WBMF... Réfrigérateur,7999.0,3.0,9000,5,1,0,1
réfrigérateur pas cher pour aid al adha sep SAMSUNG QLED QA55Q7FAAUXMV SAMSUNG TV,5999.0,9.0,9000,5,1,1,0
congélateur grande capacité sep SAMSUNG MAL WW90DG5U34ABMF 9KG... Machine à laver,5299.0,8.0,8000,10,1,0,0
accessoires téléphone écouteurs chargeur sep SAMSUNG QLED QA65Q6FAAUXMV SAMSUNG TV,7599.0,13.0,2000,10,0,1,0
ordinateur écran gaming sep SAMSUNG OLED QA65S85FAEXMV SAMSUNG TV,14999.0,21.0,10000,10,0,1,0
accessoires téléphone écouteurs chargeur sep APPLE IPHONE AIR 256GB SPACE... Téléphone,11499.0,33.0,2000,10,0,1,0
climatiseur pour maison sep TEFAL SAUTEUSE INOX 24CM PRI... Cuisine,399.0,11.0,7000,5,1,1,0
congélateur grande capacité sep TAURUS FRITEUSE AIR FRY TOWER... Cuisine,1999.0,20.0,8000,10,1,1,0
smart tv pas cher sep KELON CONG VERT KRD-204WYED ... Congélateur,2799.0,30.0,8000,10,1,1,0
smart tv pas cher sep OPPO SMART A5X LASER WHITE ... Téléphone,1449.0,9.0,8000,10,1,0,1
ordinateur écran gaming sep BEKO COMB B1RCNA400S NF 301... Réfrigérateur,4999.0,9.0,10000,10,1,0,0
accessoires téléphone écouteurs chargeur sep ANKER 54 CHARGEUR 511 (NANO PRO... Accessoires,229.0,46.0,2000,10,1,1,1
aspirateur nettoyage maison sep LG CLIM ART COOL UA13MJH0... Autre,8699.0,9.0,4000,10,0,0,0
produits cuisine air fryer four machine café sep TEFAL COCOTTE ELECTRIQUE 6L ... Cuisine,1499.0,25.0,4000,10,1,1,1
accessoires téléphone écouteurs chargeur sep ORAIMO ECOUTEUR TWS FREEPODS... Autre,299.0,33.0,2000,10,1,1,1
produits cuisine air fryer four machine café sep TAURUS PETRIN PERFECTA 5L + B... Autre,1199.0,36.0,4000,10,1,1,0
smart tv pas cher sep OPPO SMART A5 MIST WHITE 6G... Téléphone,1849.0,7.0,8000,10,1,0,1
congélateur grande capacité sep CANON IMP INKTANK PIXMA G3... Autre,1799.0,10.0,8000,10,1,1,0
ordinateur écran gaming sep ASUS ASUS VIVOBOOK X1504VA ... Autre,5499.0,8.0,10000,10,1,0,0
aspirateur nettoyage maison sep TEFAL COCOTTE ELECTRIQUE 6L ... Cuisine,1499.0,25.0,4000,10,1,1,0
machine à laver économique sep RAPOO PACK CLV+SOURIS SF X18... Autre,199.0,13.0,6000,5,1,1,0
smart tv pas cher sep ARTHUR MARTIN RÉF DOUBLE PORTE RTE3... Autre,6199.0,11.0,8000,10,1,1,0
accessoires téléphone écouteurs chargeur sep KELON CONG VERT KRD-204WYED ... Congélateur,2799.0,30.0,2000,10,0,1,0
produits cuisine air fryer four machine café sep TEFAL SET USTENSILES CUISINE... Cuisine,100.0,74.0,4000,10,1,1,1
machine à laver économique sep BOSCH MAL SERIE 6 WGK264ZXME... Machine à laver,7499.0,6.0,6000,5,0,1,1
smart tv pas cher sep SAMSUNG ECOUTEURS GALAXY BUDS... Téléphone,1199.0,7.0,8000,10,1,0,0
machine à laver économique sep UFESA PANINI GRILL PR1100 HA... Autre,259.0,42.0,6000,5,1,1,0
accessoires téléphone écouteurs chargeur sep HAIER QLED H55Q80FUX HAIER TV,5199.0,25.0,2000,10,0,1,0
produits cuisine air fryer four machine café sep BEKO AIR FRYER FRL 2244 B P... Cuisine,999.0,33.0,4000,10,1,1,1
smart tv pas cher sep HISENSE LED 55A6Q HISENSE TV,4499.0,18.0,8000,10,1,1,1
réfrigérateur pas cher pour aid al adha sep SAMSUNG ECOUTEURS BUDS CORE W... Accessoires,459.0,8.0,9000,5,1,1,0
accessoires téléphone écouteurs chargeur sep TEFAL POELE E3080404 NON REV... Cuisine,179.0,14.0,2000,10,1,1,0
climatiseur pour maison sep AWEI SUPPORT TEL AUTO FACE ... Autre,179.0,60.0,7000,5,1,1,0
"congélateur grande capacité sep HISENSE L.S WD3S1043BT 10,5 6 ... Autre",5199.0,21.0,8000,10,1,1,0
ordinateur écran gaming sep LEXAR CLE USB 2.0 V40 128G LEXAR Autre,159.0,5.0,10000,10,1,0,0
climatiseur pour maison sep MSI MSI ECRAN PC GAMING MA... Ordinateur,1899.0,9.0,7000,5,1,1,0
machine à laver économique sep ARTHUR MARTIN MAL AWF7024D3SC 7KG 30... Machine à laver,4299.0,14.0,6000,5,1,1,1
aspirateur nettoyage maison sep MSI MSI ECRAN PC GAMING MA... Ordinateur,1899.0,9.0,4000,10,1,0,0
"accessoires téléphone écouteurs chargeur sep SOLAC BLENDER TOWER 1,5L + M... Autre",599.0,33.0,2000,10,1,1,0
smart tv pas cher sep PLAYSTATION PACK CONSOLE PS5® 1TO... Autre,7499.0,6.0,8000,10,1,0,0
climatiseur pour maison sep ROWENTA ASPIRATEUR BALAI XFORC... Nettoyage,1999.0,42.0,7000,5,1,1,0
produits cuisine air fryer four machine café sep ARTHUR MARTIN MAL AWF7024D3SC 7KG 30... Machine à laver,4299.0,14.0,4000,10,0,1,0
machine à laver économique sep LG CLIM ART COOL UA13MJH0... Autre,8699.0,9.0,6000,5,0,1,0
smart tv pas cher sep SAMSUNG QLED QA65Q7FAAUXMV SAMSUNG TV,9299.0,16.0,8000,10,0,1,1
congélateur grande capacité sep AWEI ECOUTEUR TWIN BLUETOOT... Autre,119.0,52.0,8000,10,1,1,0
smart tv pas cher sep HAIER LED H55K85FUX HAIER TV,4199.0,25.0,8000,10,1,1,1
aspirateur nettoyage maison sep LG REFRIGIRATEUR GR-C562H... Autre,7990.0,13.0,4000,10,0,1,0
produits cuisine air fryer four machine café sep HP HP 15 R5 8GB 512SSD W1... Autre,6499.0,7.0,4000,10,0,0,0
smart tv pas cher sep LEXAR CLE USB 2.0 V40 128G LEXAR Autre,159.0,5.0,8000,10,1,0,0
réfrigérateur pas cher pour aid al adha sep HAIER COMB CCG5T718EN15 TTL ... Réfrigérateur,7999.0,15.0,9000,5,1,1,1
produits cuisine air fryer four machine café sep TEFAL SET 3BOITES ALIMENT K... Cuisine,100.0,47.0,4000,10,1,1,1
smart tv pas cher sep ENERGY SISTEM ECOUTEURS TWS STREETMU... Accessoires,179.0,10.0,8000,10,1,1,0
smart tv pas cher sep ITEL SMARTWATCH ISW-O11 IPS... Autre,149.0,40.0,8000,10,1,1,1
ordinateur écran gaming sep BEKO AIR FRYER FRL 5388 B 2... Cuisine,1999.0,20.0,10000,10,1,1,0
imprimante ordinateur bureau sep MOULINEX PANINI ULTRACOMPACT SM... Autre,199.0,42.0,5000,5,1,1,0
machine à laver économique sep SAMSUNG MAL WW90DG5U34ABMF 9KG... Machine à laver,5299.0,8.0,6000,5,1,1,1
produits cuisine air fryer four machine café sep TEFAL GRILL PANINI ELECTRIQU... Cuisine,999.0,37.0,4000,10,1,1,1
smart tv pas cher sep HAIER LED H43K85FUX HAIER TV,2999.0,33.0,8000,10,1,1,1
climatiseur pour maison sep UFESA PANINI 2TRANCHES BLANC... Autre,199.0,20.0,7000,5,1,1,0
smart tv pas cher sep FUNWAY DESKTOP WIRELESS CHARG... Autre,149.0,50.0,8000,10,1,1,0
produits cuisine air fryer four machine café sep AWEI ECOUTEUR FILAIRE TYPE ... Autre,29.0,40.0,4000,10,1,1,1
ordinateur écran gaming sep HISENSE LED 65A6Q HISENSE TV,6499.0,13.0,10000,10,1,1,0
climatiseur pour maison sep LG REFRIGIRATEUR GR-C562H... Autre,7990.0,13.0,7000,5,0,1,0
machine à laver économique sep SOLAC MACHINE A CAFE ESPRESS... Cuisine,1299.0,13.0,6000,5,1,1,1
imprimante ordinateur bureau sep LG CLIM INVERT D19AKH.SK1... Autre,7799.0,8.0,5000,5,0,1,0
smart tv pas cher sep HISENSE LED 43A6Q HISENSE TV,2799.0,12.0,8000,10,1,1,1
imprimante ordinateur bureau sep ENERGY SISTEM ENERGY SISTEM ENCEINTE... Autre,169.0,15.0,5000,5,1,1,0
machine à laver économique sep BOSCH MAL SERIE 4 WAN2420XME... Machine à laver,4999.0,12.0,6000,5,1,1,1
accessoires téléphone écouteurs chargeur sep SAMSUNG CLIM INV WIFI AI 12BTU... Autre,5799.0,7.0,2000,10,0,0,0
aspirateur nettoyage maison sep TAURUS PETRIN CHEF PRO TAURUS... Autre,2499.0,21.0,4000,10,1,1,0
climatiseur pour maison sep BEKO COMB B1RCNA400S NF 301... Réfrigérateur,4999.0,9.0,7000,5,1,1,0
imprimante ordinateur bureau sep HAIER QLED H55Q80FUX HAIER TV,5199.0,25.0,5000,5,0,1,0
produits cuisine air fryer four machine café sep LG LED 55UA73006LA.AFPQ LG TV,4799.0,12.0,4000,10,0,1,0
ordinateur écran gaming sep MARS GAMING SOURIS GAMER MMG 3200D... Ordinateur,79.0,46.0,10000,10,1,1,1
smart tv pas cher sep WHIRLPOOL PACK COMB ARB60F6362 ... Réfrigérateur,8999.0,5.0,8000,10,0,0,0
réfrigérateur pas cher pour aid al adha sep TAURUS CASSEROLE VITAL 18CM +... Autre,185.0,35.0,9000,5,1,1,0
smart tv pas cher sep HAIER LED H50K85FUX HAIER TV,3699.0,30.0,8000,10,1,1,1
imprimante ordinateur bureau sep BEKO DEFROISSEUR À VAPEUR ... Autre,499.0,16.0,5000,5,1,1,0
aspirateur nettoyage maison sep SAMSUNG OLED QA55S85FAEXMV SAMSUNG TV,9199.0,23.0,4000,10,0,1,0
"aspirateur nettoyage maison sep MOULINEX BLENDEO LM2C31M2 1,5L ... Autre",299.0,28.0,4000,10,1,1,0
congélateur grande capacité sep BEKO MIXEUR PLONGEANT HBA 8... Cuisine,649.0,7.0,8000,10,1,0,0
réfrigérateur pas cher pour aid al adha sep WHIRLPOOL REF WTMF 836633 XNA 6... Réfrigérateur,12999.0,5.0,9000,5,0,1,1
smart tv pas cher sep SAMSUNG NEO QLED QA55QN70FAUXM... TV,6999.0,27.0,8000,10,1,1,1
aspirateur nettoyage maison sep FUNWAY TWS EARBUDS DB-25010 FUNWAY Accessoires,189.0,36.0,4000,10,1,1,0
aspirateur nettoyage maison sep SAMSUNG MONITOR 32 ODYSSEY OLE... Ordinateur,8999.0,30.0,4000,10,0,1,0
imprimante ordinateur bureau sep FUNWAY ENCEINTE BLUETOOTH YP0... Autre,329.0,17.0,5000,5,1,1,0
produits cuisine air fryer four machine café sep ENERGY SISTEM ENERGY SISTEM HAUT-PAR... Autre,179.0,10.0,4000,10,1,1,0
machine à laver économique sep SAMSUNG MONTRE GALAXY WATCH8 C... Téléphone,4399.0,7.0,6000,5,1,1,0
congélateur grande capacité sep LEXAR CLE USB 3.1 S80 256G LEXAR Autre,349.0,12.0,8000,10,1,1,0
produits cuisine air fryer four machine café sep TEFAL COCOTTE P4705105 5L NO... Cuisine,1499.0,11.0,4000,10,1,1,1
produits cuisine air fryer four machine café sep TEFAL POELE E3080204 NON RE... Cuisine,149.0,16.0,4000,10,1,1,1
smart tv pas cher sep AEG REF RKB738E5MX 8000S 1... Réfrigérateur,8999.0,10.0,8000,10,0,1,0
smart tv pas cher sep SAMSUNG QLED QA50Q8FAAUXMV SAMSUNG TV,5999.0,14.0,8000,10,1,1,1
produits cuisine air fryer four machine café sep SAMSUNG MONTRE GALAXY WATCH8 4... Téléphone,2999.0,7.0,4000,10,1,0,0
accessoires téléphone écouteurs chargeur sep RAZER CASQUE BLACKSHARK V2 X... Accessoires,549.0,38.0,2000,10,1,1,1
congélateur grande capacité sep ASUS ASUS VIVOBOOK X1504VA ... Autre,5499.0,8.0,8000,10,1,0,0
réfrigérateur pas cher pour aid al adha sep AWEI ECOUTEUR TWIN BLUETOOT... Autre,119.0,52.0,9000,5,1,1,0
climatiseur pour maison sep SAMSUNG MAL WW90DG6U34LXMF SIL... Machine à laver,5199.0,10.0,7000,5,1,1,0
machine à laver économique sep UFESA ASPIRATEUR SANS SAC AS... Nettoyage,599.0,40.0,6000,5,1,1,0
smart tv pas cher sep SAMSUNG SMARTPHONE GALAXY A07 ... Téléphone,1399.0,6.0,8000,10,1,0,1
smart tv pas cher sep SAMSUNG OLED QA65S85FAEXMV SAMSUNG TV,14999.0,21.0,8000,10,0,1,1
ordinateur écran gaming sep AWEI SUPPORT PC X26 SILVER AWEI Ordinateur,89.0,55.0,10000,10,1,1,1
imprimante ordinateur bureau sep WHIRLPOOL REF WTMF 706462 XNA/E ... Réfrigérateur,7499.0,3.0,5000,5,0,0,0
produits cuisine air fryer four machine café sep HAIER FOUR H6 ID2P3T1HTB HAIER Cuisine,3399.0,19.0,4000,10,1,1,1
accessoires téléphone écouteurs chargeur sep ELEXIA GRILL PANINI ELX-SMA-5... Autre,299.0,40.0,2000,10,1,1,0
machine à laver économique sep SIERA REF NF-343 A+ 332L INO... Réfrigérateur,5499.0,9.0,6000,5,1,1,0
produits cuisine air fryer four machine café sep TEFAL DEFROISSEUR DT8765E0 P... Cuisine,799.0,11.0,4000,10,1,1,1
aspirateur nettoyage maison sep SIERA REF NF-343 A+ 332L INO... Réfrigérateur,5499.0,9.0,4000,10,0,0,0
ordinateur écran gaming sep ASUS ASUS EXPERTBOOK P5 ULT... Autre,10999.0,21.0,10000,10,0,1,0
smart tv pas cher sep WHIRLPOOL CONG HORIZ WCF 28DA+ S... Congélateur,3099.0,6.0,8000,10,1,0,0
climatiseur pour maison sep ITEL BUDSACE PRO ENC DARK B... Accessoires,89.0,61.0,7000,5,1,1,0
smart tv pas cher sep SAMSUNG SMARTPHONE GALAXYA56 5... Téléphone,4799.0,8.0,8000,10,1,0,1
aspirateur nettoyage maison sep HISENSE COMB RB3K330SAC1 330L ... Réfrigérateur,6999.0,22.0,4000,10,0,1,0
congélateur grande capacité sep ROWENTA DESHUMIDIFICATEUR DH52... Nettoyage,2499.0,28.0,8000,10,1,1,0
accessoires téléphone écouteurs chargeur sep LG CLIM INVERT D24AKH.SA1... Autre,9099.0,7.0,2000,10,0,0,0
réfrigérateur pas cher pour aid al adha sep PLAYSTATION SUPPORT KX MY SPACESHI... Autre,399.0,20.0,9000,5,1,1,0
imprimante ordinateur bureau sep UFESA PANINI 2TRANCHES BLANC... Autre,199.0,20.0,5000,5,1,1,0
congélateur grande capacité sep BEKO FER A REPASSER SIM 302... Autre,249.0,16.0,8000,10,1,1,0
produits cuisine air fryer four machine café sep SAMSUNG MAL WW90DG6U34LXMF SIL... Machine à laver,5199.0,10.0,4000,10,0,1,0
accessoires téléphone écouteurs chargeur sep SAMSUNG MAL WW90DG6U34LXMF SIL... Machine à laver,5199.0,10.0,2000,10,0,1,0
climatiseur pour maison sep SAMSUNG CLIM WINDFREE 18BTU AR... Autre,8999.0,3.0,7000,5,0,0,0
ordinateur écran gaming sep MARS GAMING CLAVIER GAMER MK60BFR ... Ordinateur,299.0,40.0,10000,10,1,1,1
accessoires téléphone écouteurs chargeur sep ROWENTA TONDEUSE BARBE STYLIS ... Nettoyage,299.0,14.0,2000,10,1,1,0
smart tv pas cher sep ASUS ASUS EXPERTBOOK P5 ULT... Autre,10999.0,21.0,8000,10,0,1,0
congélateur grande capacité sep HISENSE LED 75A6Q HISENSE TV,7999.0,23.0,8000,10,1,1,0
smart tv pas cher sep SAMSUNG SMARTPHONE GALAXY A17 ... Téléphone,1699.0,2.0,8000,10,1,0,1
machine à laver économique sep BEKO MACHINE A CAFE AUTOMAT... Cuisine,6999.0,17.0,6000,5,0,1,1
congélateur grande capacité sep HAIER LED H43K85FUX HAIER TV,2999.0,33.0,8000,10,1,1,0
imprimante ordinateur bureau sep SAMSUNG SMARTPHONE GALAXY A07 ... Téléphone,1399.0,6.0,5000,5,1,1,0
smart tv pas cher sep TEFAL WOK AVEC COUV B2269295... Cuisine,299.0,25.0,8000,10,1,1,0
produits cuisine air fryer four machine café sep BEKO MACHINE A CAFE AUTOMAT... Cuisine,6999.0,17.0,4000,10,0,1,1
aspirateur nettoyage maison sep MARS GAMING VENTIL CASE MF3DKIT KI... Ordinateur,149.0,72.0,4000,10,1,1,0
ordinateur écran gaming sep ARIETE SANDWISHES & COOKIES 3EN1 Autre,699.0,30.0,10000,10,1,1,0
produits cuisine air fryer four machine café sep SAMSUNG SMARTPHONE GALAXYA56 5... Téléphone,4799.0,8.0,4000,10,0,0,0
machine à laver économique sep HISENSE QLED 85Q6Q HISENSE TV,14499.0,9.0,6000,5,0,1,0
aspirateur nettoyage maison sep LG LED 43UA73006LA.AFPQ LG TV,3399.0,15.0,4000,10,1,1,0
"produits cuisine air fryer four machine café sep UFESA AIR FRYER TALENT 6,5L ... Cuisine",1249.0,34.0,4000,10,1,1,1
ordinateur écran gaming sep UFESA AIR FRYER THUNDER 2BAC... Cuisine,1299.0,55.0,10000,10,1,1,0
réfrigérateur pas cher pour aid al adha sep RAPOO PACK CLV+SOURIS SF X18... Autre,199.0,13.0,9000,5,1,1,0
climatiseur pour maison sep SAMSUNG LED UA75U8000FUXMV SAMSUNG TV,8999.0,15.0,7000,5,0,1,0
climatiseur pour maison sep HAIER QLED H55Q80FUX HAIER TV,5199.0,25.0,7000,5,1,1,0
imprimante ordinateur bureau sep LG LED 43LM6370PVA LG TV,3149.0,21.0,5000,5,1,1,0
imprimante ordinateur bureau sep MSI MSI ECRAN MAG 276CXF ... Ordinateur,1999.0,25.0,5000,5,1,1,1
congélateur grande capacité sep TEFAL WOK AVEC COUV B2269295... Cuisine,299.0,25.0,8000,10,1,1,0
ordinateur écran gaming sep SAMSUNG SMARTPHONE GALAXY A17 ... Téléphone,1899.0,4.0,10000,10,1,0,0
smart tv pas cher sep ASUS ASUSVIVOBOOK X1502VA M... Autre,10999.0,15.0,8000,10,0,1,0
congélateur grande capacité sep SAMSUNG LED UA43U8000FUXMV SAMSUNG TV,3699.0,13.0,8000,10,1,1,0
accessoires téléphone écouteurs chargeur sep SAMSUNG QLED QA65LS03FAUXMV SAMSUNG TV,10999.0,29.0,2000,10,0,1,0
aspirateur nettoyage maison sep ARIETE SANDWISHES & COOKIES 3EN1 Autre,699.0,30.0,4000,10,1,1,0
imprimante ordinateur bureau sep BEKO AIR FRYER FRL 5388 B 2... Cuisine,1999.0,20.0,5000,5,1,1,0
climatiseur pour maison sep ROWENTA FER A BOUCLER CF371LF0... Nettoyage,999.0,16.0,7000,5,1,1,0
réfrigérateur pas cher pour aid al adha sep ARIETE SANDWISHES & COOKIES 3EN1 Autre,679.0,28.0,9000,5,1,1,0
produits cuisine air fryer four machine café sep HISENSE QLED 75Q6Q HISENSE TV,8999.0,18.0,4000,10,0,1,0
congélateur grande capacité sep OPPO SMART A5X LASER WHITE ... Téléphone,1449.0,9.0,8000,10,1,0,0
accessoires téléphone écouteurs chargeur sep RAPOO CLAVIER FIL NK1900 BLA... Autre,79.0,20.0,2000,10,1,1,0
aspirateur nettoyage maison sep ADATA DISQUE DUR SSD EXT SE9... Autre,2299.0,17.0,4000,10,1,1,0
ordinateur écran gaming sep UFESA MACHINE A CAFE EXPRESS... Cuisine,2999.0,57.0,10000,10,1,1,0
réfrigérateur pas cher pour aid al adha sep SAMSUNG MONITOR 32 ODYSSEY OLE... Ordinateur,8999.0,30.0,9000,5,1,1,0
imprimante ordinateur bureau sep MARS GAMING VENTIL CASE KIT X3 MFL... Ordinateur,229.0,71.0,5000,5,1,1,1
produits cuisine air fryer four machine café sep SOLAC CAFETIERE ESPRESSO FUL... Cuisine,3599.0,40.0,4000,10,1,1,1
produits cuisine air fryer four machine café sep TEFAL WOK AVEC COUV B2269295... Cuisine,299.0,25.0,4000,10,1,1,1
accessoires téléphone écouteurs chargeur sep BEKO COMB RCNE730E40SXB NF ... Réfrigérateur,12990.0,3.0,2000,10,0,0,0
smart tv pas cher sep HISENSE LED 43A4Q HISENSE TV,2599.0,25.0,8000,10,1,1,1
réfrigérateur pas cher pour aid al adha sep CANON IMP INKTANK PIXMA G3... Autre,1799.0,10.0,9000,5,1,1,0
produits cuisine air fryer four machine café sep MOULINEX FOUR ELEC OPTIMO 19L 1... Cuisine,999.0,23.0,4000,10,1,1,1
climatiseur pour maison sep ASUS ASUS VIVOBOOK X1504VA ... Autre,5499.0,8.0,7000,5,1,1,0
imprimante ordinateur bureau sep KENWOOD BARBECUE/PLANCHA HG230... Autre,749.0,25.0,5000,5,1,1,0
ordinateur écran gaming sep ELEXIA BOUILLOIRE ELX-KT-551 ... Autre,139.0,53.0,10000,10,1,1,0
accessoires téléphone écouteurs chargeur sep UFESA ASPIRATEUR BALAI U5 DI... Nettoyage,1349.0,46.0,2000,10,1,1,0
aspirateur nettoyage maison sep ROWENTA LISSEUR SF8120F0 CERAM... Nettoyage,999.0,23.0,4000,10,1,1,1
réfrigérateur pas cher pour aid al adha sep ITEL BUDSACE PRO ENC WHITE ITEL Accessoires,89.0,61.0,9000,5,1,1,0
produits cuisine air fryer four machine café sep TEFAL COUTEAU PAIN 20CM ICE ... Cuisine,169.0,15.0,4000,10,1,1,1
accessoires téléphone écouteurs chargeur sep TEFAL POELE E3080204 NON RE... Cuisine,149.0,16.0,2000,10,1,1,0
congélateur grande capacité sep LG REF GR-B48FPLAM 509L Q... Réfrigérateur,11999.0,7.0,8000,10,0,0,0
aspirateur nettoyage maison sep WHIRLPOOL REF WTMS 701461 XNA 43... Réfrigérateur,5799.0,7.0,4000,10,0,0,0
aspirateur nettoyage maison sep TEFAL FRITEUSE EASY FRY EY83... Cuisine,1699.0,29.0,4000,10,1,1,0
accessoires téléphone écouteurs chargeur sep AWEI ECOUTEUR FILAIRE TYPE ... Autre,29.0,40.0,2000,10,1,1,1
climatiseur pour maison sep SAMSUNG SMARTPHONE GALAXY A17 ... Téléphone,1899.0,4.0,7000,5,1,0,0
aspirateur nettoyage maison sep RAPOO PACK CLV+SOURIS FIL X1... Autre,119.0,14.0,4000,10,1,1,0
congélateur grande capacité sep SONY SONY PORTAL PLAYSTATIO... Autre,2999.0,11.0,8000,10,1,1,0
"smart tv pas cher sep ELEXIA LED 65EAUD-F24 65"" SMA... TV",4299.0,38.0,8000,10,1,1,1
accessoires téléphone écouteurs chargeur sep SAMSUNG ECOUTEURS GALAXY BUDS3... Téléphone,1199.0,7.0,2000,10,1,0,1
imprimante ordinateur bureau sep TAURUS SECHE CHEVEUX ALIZE EV... Autre,299.0,14.0,5000,5,1,1,0
accessoires téléphone écouteurs chargeur sep SAMSUNG MONITOR 32 ODYSSEY OLE... Ordinateur,8999.0,30.0,2000,10,0,1,0
machine à laver économique sep SAMSUNG SMARTPHONE GALAXY A07 ... Téléphone,1049.0,16.0,6000,5,1,1,0
"produits cuisine air fryer four machine café sep ELEXIA LED 43EAFD-C24 43"" SMA... TV",2199.0,26.0,4000,10,1,1,0
imprimante ordinateur bureau sep SAMSUNG SMARTPHONE GALAXYA56 5... Téléphone,4799.0,8.0,5000,5,1,1,0
congélateur grande capacité sep KELON CONG VERT KRD-204WYED ... Congélateur,2799.0,30.0,8000,10,1,1,1
smart tv pas cher sep BOSCH FOUR SERIE 6 HJG852YS0... Cuisine,7699.0,3.0,8000,10,1,0,0
smart tv pas cher sep KENWOOD BARBECUE/PLANCHA HG230... Autre,749.0,25.0,8000,10,1,1,0
aspirateur nettoyage maison sep TAURUS CAFETIERE EXPRESSO ITA... Cuisine,169.0,5.0,4000,10,1,0,0
smart tv pas cher sep OPPO SMART A5 AURORA GREEN ... Téléphone,1849.0,7.0,8000,10,1,0,1
smart tv pas cher sep HISENSE QLED 55Q6Q HISENSE TV,5399.0,16.0,8000,10,1,1,1
ordinateur écran gaming sep AWEI SUPPORT PC X30 NOIR AWEI Ordinateur,149.0,46.0,10000,10,1,1,1
smart tv pas cher sep HISENSE LED 32A4Q HISENSE TV,1499.0,25.0,8000,10,1,1,1
smart tv pas cher sep HISENSE LED 75A6Q HISENSE TV,7999.0,23.0,8000,10,1,1,1
imprimante ordinateur bureau sep LG COMB GR-B499NQLM 333L ... Réfrigérateur,5699.0,9.0,5000,5,0,1,0
produits cuisine air fryer four machine café sep BEKO AIR FRYER FRL 3374 B P... Cuisine,1299.0,35.0,4000,10,1,1,1
aspirateur nettoyage maison sep SAMSUNG ECOUTEURS GALAXY BUDS3... Téléphone,1199.0,7.0,4000,10,1,0,0
accessoires téléphone écouteurs chargeur sep HISENSE AIR FRYER H09AFBKS4S 8... Cuisine,1099.0,26.0,2000,10,1,1,0
smart tv pas cher sep MSI MSIMODERN15 I7 13620H ... Autre,7999.0,20.0,8000,10,1,1,0
ordinateur écran gaming sep HAIER MINI LED H65M80FUX HAIER TV,8499.0,26.0,10000,10,1,1,0
machine à laver économique sep HAIER FOUR H6 ID2P3T1HTB HAIER Cuisine,3399.0,19.0,6000,5,1,1,0
aspirateur nettoyage maison sep SAMSUNG MONTRE GALAXY WATCH8 4... Téléphone,2899.0,17.0,4000,10,1,1,0
"imprimante ordinateur bureau sep ELEXIA LED 50EAUD-D24 50"" SMA... TV",2599.0,35.0,5000,5,1,1,0
climatiseur pour maison sep WHIRLPOOL REF WTMF 836633 XNA 6... Réfrigérateur,12999.0,5.0,7000,5,0,1,0
accessoires téléphone écouteurs chargeur sep SAMSUNG ECOUTEURS BUDS CORE W... Accessoires,459.0,8.0,2000,10,1,0,1
produits cuisine air fryer four machine café sep TEFAL FRITEUSE DUAL EASY FRY... Cuisine,1999.0,28.0,4000,10,1,1,1
climatiseur pour maison sep BEKO MAL BM3WFT38200BS 8KG ... Machine à laver,3499.0,5.0,7000,5,1,1,0
smart tv pas cher sep HISENSE REF RT729N4WSU1 729L N... Réfrigérateur,8999.0,10.0,8000,10,0,1,0
produits cuisine air fryer four machine café sep HISENSE AIR FRYER H06AFBS2S3 6... Cuisine,899.0,25.0,4000,10,1,1,1
imprimante ordinateur bureau sep ASUS ASUS GAMER ROGU9 RTX50... Autre,36999.0,7.0,5000,5,0,1,0
climatiseur pour maison sep UFESA PRESSE-AGRUME SQUEEZE&... Autre,349.0,50.0,7000,5,1,1,0
imprimante ordinateur bureau sep AOC MONITEUR ECRAN PC GA... Ordinateur,999.0,9.0,5000,5,1,1,1
congélateur grande capacité sep WHIRLPOOL CONG VERT WUFF 606313 ... Congélateur,6999.0,15.0,8000,10,1,1,1
smart tv pas cher sep LG LED 86UA85006LA LG TV,11999.0,33.0,8000,10,0,1,1
réfrigérateur pas cher pour aid al adha sep LG COMB GR-B499NQLM 333L ... Réfrigérateur,5699.0,9.0,9000,5,1,1,1
imprimante ordinateur bureau sep ASUS ASUSVIVOBOOK X1502VA M... Autre,10999.0,15.0,5000,5,0,1,0
machine à laver économique sep TAURUS BLENDER LIMA 400W+PANI... Autre,489.0,55.0,6000,5,1,1,0
réfrigérateur pas cher pour aid al adha sep INDESIT COMB DUAL NOFROSTBINF ... Réfrigérateur,4999.0,5.0,9000,5,1,1,1
"smart tv pas cher sep ELEXIA LED 50EAUD-D24 50"" SMA... TV",2599.0,35.0,8000,10,1,1,1
aspirateur nettoyage maison sep ROWENTA PACKSECHECHEVEUXCV184L... Nettoyage,399.0,33.0,4000,10,1,1,1
smart tv pas cher sep BEKO MAL BM3WFT38200BS 8KG ... Machine à laver,3499.0,5.0,8000,10,1,0,0
climatiseur pour maison sep HP HP D3MC6EA ULTRA 5 22... Autre,8499.0,15.0,7000,5,0,1,0
congélateur grande capacité sep SAMSUNG ECOUTEURS BUDS CORE W... Accessoires,459.0,8.0,8000,10,1,0,0
climatiseur pour maison sep ELEXIA ASPIRATEUR SANS SAC E... Nettoyage,399.0,50.0,7000,5,1,1,0
accessoires téléphone écouteurs chargeur sep HAIER LED H55K85FUX HAIER TV,4199.0,25.0,2000,10,0,1,0
réfrigérateur pas cher pour aid al adha sep AEG REF RKB738E5MX 8000S 1... Réfrigérateur,8999.0,10.0,9000,5,1,1,1
machine à laver économique sep MELLERWARE ROBOT PÉTRIN TWISTBLE... Cuisine,799.0,42.0,6000,5,1,1,0
smart tv pas cher sep MELLERWARE ROBOT PÉTRIN TWISTBLE... Cuisine,799.0,42.0,8000,10,1,1,0
imprimante ordinateur bureau sep TEFAL SET 2 POELES B9289202 ... Cuisine,249.0,58.0,5000,5,1,1,0
imprimante ordinateur bureau sep SAMSUNG QLED QA65Q7FAAUXMV SAMSUNG TV,9299.0,16.0,5000,5,0,1,0
ordinateur écran gaming sep MARS GAMING PACK GAMING MCPEXFR 4I... Ordinateur,459.0,48.0,10000,10,1,1,1
imprimante ordinateur bureau sep AWEI SUPPORT PC X30 NOIR AWEI Ordinateur,149.0,46.0,5000,5,1,1,1
congélateur grande capacité sep HISENSE CONG COFFRE FC-33DT4SA... Congélateur,2999.0,25.0,8000,10,1,1,1
climatiseur pour maison sep TEFAL POELE E3080204 NON RE... Cuisine,149.0,16.0,7000,5,1,1,0
imprimante ordinateur bureau sep SAMSUNG ECOUTEURS GALAXY BUDS... Téléphone,1199.0,7.0,5000,5,1,1,0
smart tv pas cher sep JATA CAFETIERE A ESPRESSO J... Cuisine,999.0,33.0,8000,10,1,1,0
réfrigérateur pas cher pour aid al adha sep HISENSE LED 43A4Q HISENSE TV,2599.0,25.0,9000,5,1,1,0
ordinateur écran gaming sep KENWOOD KITCHEN KHH01.000SI+BL... Autre,2199.0,26.0,10000,10,1,1,0
aspirateur nettoyage maison sep ROWENTA BROSSEROTATIVECF9528F0... Nettoyage,599.0,40.0,4000,10,1,1,1
"smart tv pas cher sep MOULINEX BOUILLOIREBY2M0B101,7L... Autre",599.0,31.0,8000,10,1,1,0
climatiseur pour maison sep SAMSUNG LED UA50U8000FUXMV SAMSUNG TV,3999.0,20.0,7000,5,1,1,0
réfrigérateur pas cher pour aid al adha sep WHIRLPOOL REF WTMF 706462 XNA/E ... Réfrigérateur,7499.0,3.0,9000,5,1,0,1
machine à laver économique sep ARIETE SANDWISHES & COOKIES 3EN1 Autre,679.0,28.0,6000,5,1,1,0
climatiseur pour maison sep MARS GAMING VENTIL CASE MLONE240 W... Ordinateur,299.0,76.0,7000,5,1,1,0
ordinateur écran gaming sep MARS GAMING VENTIL CASE MF3DKIT KI... Ordinateur,149.0,72.0,10000,10,1,1,1
accessoires téléphone écouteurs chargeur sep AWEI ECOUTEUR TWIN BLUETOOT... Autre,79.0,46.0,2000,10,1,1,1
smart tv pas cher sep HISENSE LED 65A6Q HISENSE TV,6499.0,13.0,8000,10,1,1,1
machine à laver économique sep TAURUS PANINI BISTRO ESSENTIA... Autre,699.0,12.0,6000,5,1,1,0
congélateur grande capacité sep ORAIMO ECOUTEUR TWS FREEPODS ... Autre,359.0,10.0,8000,10,1,1,0
climatiseur pour maison sep ROWENTA TONDEUS EXPERTISE VIRT... Nettoyage,499.0,9.0,7000,5,1,1,0
accessoires téléphone écouteurs chargeur sep ELEXIA LED 32-320V6-F2/16T ELEXIA TV,799.0,38.0,2000,10,1,1,0
smart tv pas cher sep SAMSUNG LED UA75U8000FUXMV SAMSUNG TV,8999.0,15.0,8000,10,0,1,1
aspirateur nettoyage maison sep KENWOOD BLENDER BLP15 360BK 50... Autre,499.0,23.0,4000,10,1,1,0
aspirateur nettoyage maison sep TEFAL COCOTTE INOX 6L SECURE... Cuisine,699.0,41.0,4000,10,1,1,0
réfrigérateur pas cher pour aid al adha sep SAMSUNG QLED QA65Q7FAAUXMV SAMSUNG TV,9299.0,16.0,9000,5,0,1,0
accessoires téléphone écouteurs chargeur sep JBL JBL ECOUTEURS WAVE BUD... Accessoires,829.0,7.0,2000,10,1,0,1
machine à laver économique sep HISENSE MAL FRONT WF3S8043BT4 ... Machine à laver,3899.0,7.0,6000,5,1,1,1
ordinateur écran gaming sep ENERGY SISTEM ECOUTEURS TWS OPENWAVE... Accessoires,519.0,8.0,10000,10,1,0,0
produits cuisine air fryer four machine café sep ARTHUR MARTIN LAV SECH AWW8024P3SC 8... Autre,5999.0,4.0,4000,10,0,0,0
produits cuisine air fryer four machine café sep OPPO SMART A5X LASER WHITE ... Téléphone,1449.0,9.0,4000,10,1,0,0
produits cuisine air fryer four machine café sep UFESA AIR FRYER THUNDER 2BAC... Cuisine,1299.0,55.0,4000,10,1,1,1
smart tv pas cher sep SAMSUNG LED UA50U8000FUXMV SAMSUNG TV,3999.0,20.0,8000,10,1,1,1
climatiseur pour maison sep ARTHUR MARTIN MAL AWF8024D3SC 8KG 30... Machine à laver,4399.0,16.0,7000,5,1,1,0
ordinateur écran gaming sep AWEI SUPPORT TÉLÉPHONIQUE... Autre,59.0,60.0,10000,10,1,1,0
aspirateur nettoyage maison sep ARIETE SANDWISHES & COOKIES 3EN1 Autre,679.0,28.0,4000,10,1,1,0
congélateur grande capacité sep LG CLIM ART COOL UA13MJH0... Autre,8699.0,9.0,8000,10,0,0,0
ordinateur écran gaming sep SAMSUNG MONTRE GALAXY WATCH8 4... Téléphone,2699.0,16.0,10000,10,1,1,0
aspirateur nettoyage maison sep ROWENTA ASPIRATEUR SANS FIL X-... Nettoyage,3999.0,14.0,4000,10,1,1,1
ordinateur écran gaming sep SAMSUNG CLIM INV WIFI AI 18BTU... Autre,7499.0,3.0,10000,10,1,0,0
réfrigérateur pas cher pour aid al adha sep AWEI SUPPORT PC X30 NOIR AWEI Ordinateur,149.0,46.0,9000,5,1,1,0
smart tv pas cher sep UFESA PANINI GRILL PR1100 HA... Autre,259.0,42.0,8000,10,1,1,0
réfrigérateur pas cher pour aid al adha sep WHIRLPOOL COMB DUAL NF WBMF 6053... Réfrigérateur,5699.0,16.0,9000,5,1,1,1
congélateur grande capacité sep FUNWAY TWS EARBUDS DB-25007 FUNWAY Accessoires,229.0,34.0,8000,10,1,1,0
aspirateur nettoyage maison sep TEFAL BATTERIE DE CUISINE B8... Cuisine,699.0,30.0,4000,10,1,1,0
climatiseur pour maison sep HISENSE MAL TOP WTJA802T 8KG 8... Machine à laver,2999.0,14.0,7000,5,1,1,0
smart tv pas cher sep ROWENTA ASPIRATEUR BALAI XFORC... Nettoyage,1999.0,42.0,8000,10,1,1,0
machine à laver économique sep BEKO AIR FRYER FRL 5388 B 2... Cuisine,1999.0,20.0,6000,5,1,1,0
produits cuisine air fryer four machine café sep TEFAL SETSAUTEUSE24 AVCCOUV ... Cuisine,399.0,36.0,4000,10,1,1,1
machine à laver économique sep HISENSE LED 55A6Q HISENSE TV,4499.0,18.0,6000,5,1,1,0
imprimante ordinateur bureau sep TEFAL SETSAUTEUSE24 AVCCOUV ... Cuisine,399.0,36.0,5000,5,1,1,0
smart tv pas cher sep HISENSE MICRO ONDE H20MOMP1HG ... Autre,999.0,33.0,8000,10,1,1,0
réfrigérateur pas cher pour aid al adha sep SIERA REF NF-343 A+ 332L INO... Réfrigérateur,5499.0,9.0,9000,5,1,1,1
imprimante ordinateur bureau sep SAMSUNG MONITOR 27 ODYSSEY OLE... Ordinateur,8499.0,29.0,5000,5,0,1,1
produits cuisine air fryer four machine café sep ROWENTA FER A BOUCLER CF371LF0... Nettoyage,999.0,16.0,4000,10,1,1,0
accessoires téléphone écouteurs chargeur sep ASUS ASUS VIVOBOOK E1404GA ... Autre,4499.0,18.0,2000,10,0,1,0
congélateur grande capacité sep HISENSE CONG COFFRE FC-55DD4SA... Congélateur,4499.0,10.0,8000,10,1,1,1
produits cuisine air fryer four machine café sep ARIETE MACHINE A CAFE AVEC BR... Cuisine,2599.0,23.0,4000,10,1,1,1
réfrigérateur pas cher pour aid al adha sep LG REFRIGIRATEUR GR-C562H... Autre,7990.0,13.0,9000,5,1,1,1
imprimante ordinateur bureau sep TAURUS SECHE CHEVEUX FASHION2... Autre,399.0,20.0,5000,5,1,1,0
réfrigérateur pas cher pour aid al adha sep ASUS ASUS EXPERTBOOK P5 ULT... Autre,10999.0,21.0,9000,5,0,1,0
climatiseur pour maison sep HAIER LED H50K85FUX HAIER TV,3699.0,30.0,7000,5,1,1,0
climatiseur pour maison sep BEKO SBS V1 GN_1406223PXNF ... Autre,16490.0,2.0,7000,5,0,0,0
produits cuisine air fryer four machine café sep DELONGHI MACHINE EXPRESSO ECAM2... Autre,6799.0,11.0,4000,10,0,1,0
aspirateur nettoyage maison sep ARTHUR MARTIN LAV SECH AWW8024P3SC 8... Autre,5999.0,4.0,4000,10,0,0,0
ordinateur écran gaming sep TAURUS CASSEROLE VITAL 18CM +... Autre,185.0,35.0,10000,10,1,1,0
smart tv pas cher sep ARTHUR MARTIN LAV SECH AWW8024P3SC 8... Autre,5999.0,4.0,8000,10,1,0,0
ordinateur écran gaming sep BOSCH TC SERIE 6 PCR9A5I90 5... Ordinateur,5999.0,4.0,10000,10,1,0,1
accessoires téléphone écouteurs chargeur sep KENWOOD BARBECUE/PLANCHA HG230... Autre,749.0,25.0,2000,10,1,1,0
smart tv pas cher sep LG OLED 55B56LA.AFP LG TV,8799.0,16.0,8000,10,0,1,1
imprimante ordinateur bureau sep ARTHUR MARTIN LS AWW9023P5SC 9 6KG 5... Autre,6799.0,6.0,5000,5,0,1,0
imprimante ordinateur bureau sep MARS GAMING VENTIL CASE MLONE240 W... Ordinateur,299.0,76.0,5000,5,1,1,1
ordinateur écran gaming sep SOLAC FER A REPASSER PV2028 ... Autre,299.0,33.0,10000,10,1,1,0
climatiseur pour maison sep AOC MONITEUR ECRAN PC GA... Ordinateur,999.0,9.0,7000,5,1,1,0
"smart tv pas cher sep ELEXIA LED 43EAFD-C24 43"" SMA... TV",2199.0,26.0,8000,10,1,1,1
climatiseur pour maison sep KENWOOD KITCHEN KHH01.000SI+BL... Autre,2199.0,26.0,7000,5,1,1,0
smart tv pas cher sep SAMSUNG SMARTPHONE GALAXY A07 ... Téléphone,1049.0,16.0,8000,10,1,1,1
accessoires téléphone écouteurs chargeur sep RAPOO CLAVIER GAMER V50S BAC... Autre,189.0,24.0,2000,10,1,1,0
ordinateur écran gaming sep SAMSUNG MONITOR 27 ODYSSEY OLE... Ordinateur,8499.0,29.0,10000,10,1,1,1
réfrigérateur pas cher pour aid al adha sep HISENSE LED 43A6Q HISENSE TV,2799.0,12.0,9000,5,1,1,0
accessoires téléphone écouteurs chargeur sep FUNWAY TWS EARBUDS DB-25005 FUNWAY Accessoires,189.0,36.0,2000,10,1,1,1
aspirateur nettoyage maison sep ROWENTA FER A BOUCLER CF371LF0... Nettoyage,999.0,16.0,4000,10,1,1,1
imprimante ordinateur bureau sep MARS GAMING PACK GAMING MCPEXFR 4I... Ordinateur,459.0,48.0,5000,5,1,1,1
climatiseur pour maison sep SAMSUNG QLED QA65LS03FAUXMV SAMSUNG TV,10999.0,29.0,7000,5,0,1,0
accessoires téléphone écouteurs chargeur sep ITEL BUDSACE PRO ENC DARK B... Accessoires,89.0,61.0,2000,10,1,1,1
